,val_loss,test_loss,val_accuracy,test_accuracy,val_loss,test_loss,val_accuracy,test_accuracy,val_loss,test_loss,val_accuracy,test_accuracy,val_loss,test_loss,val_accuracy,test_accuracy,val_loss,test_loss,val_accuracy,test_accuracy,val_loss,test_loss,val_accuracy,test_accuracy,val_loss,test_loss,val_accuracy,test_accuracy,val_loss,test_loss,val_accuracy,test_accuracy,val_loss,test_loss,val_accuracy,test_accuracy
0,1.368747456,1.353442139,34.9137931,36.45833333,1.380756107,1.380786591,30.38793103,29.34027778,1.356141222,1.366396189,35.99137931,30.90277778,1.345313923,1.365850727,35.99137931,30.72916667,1.349980079,1.384088861,34.05172414,28.99305556,1.357654855,1.380518768,32.54310345,27.25694444,1.352278134,1.38076014,37.28448276,28.81944444,1.36070827,1.360480335,33.40517241,35.76388889,1.364379044,1.352991078,33.8362069,34.02777778
1,1.349598412,1.334593442,37.28448276,39.58333333,1.349736029,1.369408117,35.12931034,31.59722222,1.331481749,1.342527178,40.30172414,38.71527778,1.318345296,1.345099065,42.45689655,32.8125,1.31713854,1.379139781,45.25862069,30.72916667,1.331533638,1.368383209,37.5,31.25,1.312927374,1.348422991,41.37931034,34.375,1.327164769,1.338303169,38.36206897,37.84722222,1.324411544,1.30621379,39.87068966,39.93055556
2,1.323898681,1.316051695,38.57758621,38.54166667,1.313883284,1.354768925,39.22413793,32.8125,1.306917647,1.317967812,42.67241379,41.49305556,1.280480603,1.322375324,45.25862069,38.02083333,1.295401569,1.380408141,44.39655172,33.85416667,1.307725265,1.348342644,38.79310345,34.54861111,1.253812182,1.308729556,42.88793103,36.97916667,1.300685759,1.30763695,40.94827586,40.10416667,1.290913426,1.271170206,39.00862069,40.79861111
3,1.292441615,1.274755332,42.67241379,42.01388889,1.257710991,1.337686062,43.53448276,33.68055556,1.272383082,1.295031004,45.47413793,44.09722222,1.24532746,1.296650436,48.49137931,37.84722222,1.252018752,1.39697855,47.4137931,29.6875,1.284992288,1.334676279,39.43965517,35.06944444,1.208024995,1.304529574,51.07758621,33.50694444,1.271400016,1.276073204,43.31896552,42.1875,1.25327033,1.234375079,41.59482759,45.65972222
4,1.286033051,1.256129715,40.73275862,41.84027778,1.225289139,1.335640947,48.27586207,35.9375,1.223960934,1.262555401,47.62931034,43.22916667,1.225124347,1.275270542,48.49137931,43.40277778,1.21305656,1.442325221,50.43103448,28.81944444,1.273155414,1.326272925,41.81034483,36.11111111,1.17691597,1.283550408,52.80172414,38.19444444,1.237992278,1.240687741,45.47413793,48.09027778,1.21729815,1.230627868,44.82758621,46.35416667
5,1.266471842,1.228928632,43.75,47.74305556,1.193293641,1.331338988,51.93965517,34.72222222,1.211575812,1.230950978,51.50862069,48.4375,1.189379034,1.263096584,51.29310345,41.66666667,1.164656146,1.442697114,51.29310345,28.81944444,1.237891847,1.309066269,43.96551724,35.59027778,1.138936655,1.276408209,54.09482759,39.40972222,1.211064111,1.2057442,50.43103448,48.09027778,1.194148068,1.201377842,46.76724138,49.30555556
6,1.245889972,1.203065342,43.53448276,48.26388889,1.161408893,1.32067883,54.31034483,35.06944444,1.159675257,1.200189352,56.46551724,50.17361111,1.160229617,1.257111179,50.86206897,42.53472222,1.142773275,1.416937378,53.44827586,30.03472222,1.210875569,1.299725162,47.84482759,37.84722222,1.117371243,1.25977744,58.18965517,40.625,1.174502895,1.181314574,50.64655172,51.38888889,1.178379552,1.172002183,51.29310345,51.5625
7,1.214937929,1.201737656,47.19827586,46.875,1.124975509,1.314448767,56.03448276,38.19444444,1.133672038,1.18222789,56.03448276,48.09027778,1.122540725,1.222176048,55.38793103,45.3125,1.100159187,1.454397652,57.97413793,30.03472222,1.18455232,1.293254508,49.78448276,38.02083333,1.085906832,1.249250094,57.11206897,40.625,1.136419457,1.130176597,56.03448276,56.42361111,1.144695076,1.160068115,53.44827586,49.47916667
8,1.192928803,1.155744076,47.4137931,50.52083333,1.105315671,1.324149291,58.18965517,35.76388889,1.122097683,1.147885601,57.11206897,53.29861111,1.090284619,1.2150965,55.60344828,47.39583333,1.084840466,1.499085228,57.32758621,31.59722222,1.155393058,1.271240632,55.17241379,40.10416667,1.069896688,1.256328636,59.48275862,39.93055556,1.108784809,1.077171763,56.68103448,59.72222222,1.15072458,1.153583513,51.07758621,48.09027778
9,1.158913374,1.120755884,51.72413793,55.03472222,1.081334942,1.297845231,57.11206897,38.02083333,1.08789885,1.126229684,60.56034483,54.34027778,1.075049931,1.242908306,55.81896552,45.83333333,1.042930663,1.500838108,60.56034483,31.25,1.131400223,1.263069616,55.17241379,40.27777778,1.085317299,1.253243844,54.95689655,39.0625,1.08621936,1.052737375,56.25,60.59027778,1.124591675,1.147351119,52.80172414,51.21527778
10,1.152628668,1.124903003,53.01724138,53.29861111,1.046468192,1.298747169,62.93103448,37.84722222,1.088829367,1.101286146,61.85344828,56.07638889,1.044366865,1.201414333,59.26724138,45.3125,1.028997804,1.465572755,62.93103448,33.50694444,1.107464055,1.234808299,57.75862069,43.05555556,1.032343085,1.224174592,61.63793103,41.66666667,1.073360608,1.018873526,57.75862069,62.67361111,1.122399597,1.101598918,53.44827586,54.34027778
11,1.122775727,1.123244312,54.52586207,53.99305556,1.020103853,1.281709737,63.14655172,40.27777778,1.066619961,1.071795768,61.42241379,56.77083333,1.027107681,1.185985804,60.77586207,48.78472222,1.001214073,1.500328978,65.51724138,33.15972222,1.086184555,1.234937496,57.75862069,42.01388889,1.031328547,1.208275278,60.34482759,44.27083333,1.047682939,0.981948336,58.18965517,64.58333333,1.09773916,1.078019672,56.46551724,57.98611111
12,1.124266008,1.086416728,53.44827586,56.94444444,1.008117063,1.283622781,63.79310345,39.23611111,1.055783103,1.056061241,61.63793103,59.20138889,1.00746105,1.18392347,62.06896552,48.26388889,0.995966663,1.469558173,62.28448276,33.50694444,1.083113157,1.239576154,58.40517241,40.79861111,1.012504763,1.205394559,64.65517241,45.83333333,1.034807183,0.963830935,59.9137931,64.93055556,1.08042355,1.028952817,56.25,56.59722222
13,1.132421041,1.091999074,53.44827586,56.42361111,0.985061339,1.264486445,66.1637931,42.70833333,1.047270341,1.024872323,60.56034483,59.375,1.000771516,1.165811963,62.71551724,50,0.979610055,1.439195262,63.79310345,34.72222222,1.08590043,1.257100026,59.05172414,42.01388889,0.98845656,1.184003565,62.5,46.18055556,1.033034563,0.978581773,58.62068966,63.54166667,1.075934373,1.020874123,57.32758621,57.8125
14,1.102143074,1.070095221,54.74137931,58.33333333,0.962720914,1.249815888,66.59482759,44.96527778,1.030376362,1.000809676,65.30172414,63.36805556,0.980707134,1.173869676,63.79310345,48.26388889,0.964182798,1.469685647,66.81034483,36.63194444,1.070624586,1.21236678,59.26724138,44.61805556,1.000244284,1.182915476,62.5,48.26388889,1.008003025,0.940242615,62.5,67.70833333,1.066740661,1.028974712,59.69827586,56.94444444
15,1.077388763,1.039404359,58.62068966,59.20138889,0.971461925,1.246411482,65.51724138,44.09722222,1.013922903,0.973427792,64.87068966,65.10416667,0.970755914,1.175947335,63.14655172,48.61111111,0.96440737,1.419985069,64.65517241,38.71527778,1.060116213,1.21655941,57.75862069,46.35416667,0.977604998,1.163276023,64.65517241,47.56944444,0.999374949,0.931559384,61.85344828,65.79861111,1.069202442,1.020493627,58.18965517,58.15972222
16,1.064855724,1.043276429,57.97413793,58.33333333,0.955244582,1.237791485,65.30172414,42.36111111,1.006926976,0.968496276,62.28448276,64.93055556,0.969038355,1.16928947,67.45689655,49.13194444,0.964641053,1.407792581,65.0862069,38.88888889,1.04716096,1.215699898,59.05172414,46.70138889,0.966088959,1.128713012,64.87068966,50.69444444,0.997032155,0.91705107,63.57758621,68.05555556,1.056841075,1.030739731,58.18965517,57.8125
17,1.056146433,1.002817836,58.40517241,61.45833333,0.942762617,1.225413958,65.73275862,46.52777778,0.999565877,0.950834566,64.65517241,66.49305556,0.950567907,1.137803621,66.37931034,53.99305556,0.956876315,1.408985323,63.57758621,40.625,1.038026072,1.204972453,62.28448276,45.48611111,0.964080451,1.138455537,64.87068966,50.69444444,0.988190014,0.92349322,62.28448276,67.88194444,1.035230036,1.010266814,57.97413793,57.46527778
18,1.047422569,1.007124205,59.9137931,60.24305556,0.929981382,1.218846692,65.51724138,44.61805556,0.988597105,0.940961321,64.00862069,64.75694444,0.933904619,1.147348073,67.88793103,50.34722222,0.944636937,1.404636171,66.81034483,38.36805556,1.027691932,1.20692367,60.34482759,44.27083333,0.946154185,1.11155551,65.0862069,55.55555556,0.978672073,0.934082647,64.65517241,67.01388889,1.038042093,1.010502776,60.12931034,59.375
19,1.040667106,0.987252408,60.34482759,61.45833333,0.923998888,1.222956922,66.81034483,44.96527778,0.994494074,0.939501597,63.79310345,66.14583333,0.938901198,1.128161033,65.73275862,53.64583333,0.933086847,1.38736097,66.37931034,38.19444444,1.021790768,1.210000621,60.56034483,45.65972222,0.938934357,1.09544399,65.94827586,55.72916667,0.968962532,0.908908308,66.1637931,66.14583333,1.021315842,0.998730799,60.99137931,58.50694444
20,1.029988252,0.975349824,58.18965517,64.0625,0.904470033,1.20644082,67.67241379,48.26388889,0.975123241,0.925947362,64.43965517,66.14583333,0.924730883,1.138612813,65.30172414,50.34722222,0.937412332,1.396109462,65.0862069,38.88888889,1.011465064,1.230611801,64.00862069,44.27083333,0.942391498,1.093572815,65.94827586,54.6875,0.988400447,0.926417338,62.28448276,65.10416667,1.00981566,0.975700226,59.26724138,61.11111111
21,1.013422534,0.944203794,61.42241379,64.23611111,0.904857072,1.205761247,68.53448276,48.95833333,0.981043984,0.919124617,65.94827586,66.49305556,0.905368678,1.109535125,66.37931034,52.95138889,0.918941035,1.407476226,65.94827586,39.58333333,1.000028561,1.206971182,64.43965517,43.92361111,0.923807161,1.080023064,67.88793103,55.55555556,0.969089097,0.915539523,64.00862069,66.66666667,1.012120438,0.976260761,61.42241379,60.06944444
22,1.010009038,0.947974609,63.79310345,64.23611111,0.910250088,1.207661457,67.45689655,47.56944444,0.962425503,0.879054281,65.51724138,70.83333333,0.912753422,1.112501025,66.59482759,53.47222222,0.92294952,1.411331627,65.73275862,39.0625,0.995775457,1.215928634,62.28448276,44.96527778,0.929545964,1.088441001,67.24137931,56.94444444,0.961165831,0.916502926,66.1637931,66.14583333,1.000203225,0.978891949,60.99137931,58.68055556
23,0.99935627,0.924707651,62.06896552,66.31944444,0.89667699,1.201005737,67.02586207,48.95833333,0.959923539,0.911057903,65.94827586,66.84027778,0.905009097,1.108296613,67.88793103,52.43055556,0.907455395,1.371285333,66.81034483,40.10416667,0.993788468,1.251707435,64.43965517,43.57638889,0.924360834,1.063901338,65.73275862,56.94444444,0.964478094,0.90047225,64.65517241,66.14583333,0.994390564,0.98310866,62.06896552,59.72222222
24,0.998055195,0.925377799,63.36206897,66.14583333,0.883391582,1.200606108,69.18103448,48.26388889,0.959195643,0.908919063,67.02586207,67.36111111,0.898791708,1.100188944,68.96551724,55.20833333,0.915106319,1.408963694,66.59482759,40.97222222,0.98760023,1.21013342,64.65517241,47.39583333,0.921684399,1.053568979,68.53448276,57.29166667,0.963500656,0.894357867,63.14655172,68.05555556,0.998176735,0.985984299,61.63793103,59.02777778
25,0.991775266,0.909848577,63.14655172,66.66666667,0.886523273,1.193408635,70.04310345,50,0.947737061,0.892950992,66.1637931,67.70833333,0.8927635,1.103621463,67.67241379,53.47222222,0.919784756,1.38509798,64.43965517,42.53472222,0.975442241,1.236414022,64.00862069,44.79166667,0.915419909,1.06490361,67.88793103,58.68055556,0.962073396,0.890030755,63.57758621,67.36111111,0.980639501,0.975531744,62.71551724,58.85416667
26,0.985868076,0.905575097,63.79310345,65.10416667,0.894249598,1.192279246,67.45689655,49.65277778,0.951352722,0.900265892,68.10344828,67.70833333,0.882089241,1.098752022,71.3362069,54.6875,0.905275308,1.406775475,67.02586207,40.625,0.977126574,1.239666343,65.0862069,44.61805556,0.90397384,1.042758299,67.45689655,59.375,0.955862734,0.91162567,63.57758621,65.97222222,0.990706927,0.969223638,60.34482759,60.06944444
27,0.978729969,0.905505651,63.57758621,67.36111111,0.887469832,1.195559793,68.31896552,50.52083333,0.935473559,0.8920743,68.10344828,66.66666667,0.888317721,1.087925129,69.18103448,55.38194444,0.90165396,1.40879843,65.94827586,41.49305556,0.960978931,1.216474083,64.65517241,45.83333333,0.901516921,1.031305055,67.45689655,59.72222222,0.953422777,0.896972219,66.1637931,67.36111111,0.983706635,0.972239117,62.5,57.63888889
28,0.975020429,0.903934293,62.28448276,67.36111111,0.885570668,1.184923715,67.24137931,50,0.949539904,0.879395737,66.81034483,69.27083333,0.881513641,1.100853119,69.18103448,52.77777778,0.897488074,1.374105612,66.37931034,41.49305556,0.961874863,1.233858758,66.1637931,45.13888889,0.896087198,1.042570949,67.88793103,58.15972222,0.944697146,0.898348252,64.00862069,67.53472222,0.987975264,0.963939594,60.77586207,59.72222222
29,0.964780943,0.906286233,63.36206897,67.1875,0.878366355,1.186058587,68.10344828,51.38888889,0.931064415,0.867772665,68.96551724,70.83333333,0.876693689,1.065626674,70.04310345,54.16666667,0.891837223,1.363795294,67.45689655,43.05555556,0.966034893,1.231462028,66.59482759,45.13888889,0.900315579,1.033898532,68.31896552,59.89583333,0.954070245,0.900765955,62.06896552,67.88194444,0.987953057,0.954903424,59.05172414,60.76388889
30,0.953330665,0.897088587,65.94827586,67.70833333,0.876409305,1.184508469,68.53448276,49.13194444,0.931454942,0.870476928,66.37931034,69.27083333,0.871283883,1.103510605,69.18103448,52.77777778,0.888693022,1.399107363,67.45689655,40.45138889,0.955201342,1.241565903,66.1637931,44.79166667,0.897694154,1.028034965,68.10344828,58.85416667,0.942096392,0.89189942,65.30172414,67.1875,0.974767631,0.958434853,63.57758621,60.06944444
31,0.959622928,0.910897613,65.0862069,66.14583333,0.87800941,1.176120003,67.67241379,48.78472222,0.932500173,0.879987631,67.02586207,69.09722222,0.871559729,1.129864852,69.18103448,50.34722222,0.883032486,1.358730488,67.67241379,42.53472222,0.955431209,1.245740573,67.88793103,45.3125,0.895864526,1.023303416,68.10344828,60.06944444,0.938670269,0.886707452,65.94827586,67.53472222,0.971494479,0.956456436,62.28448276,60.06944444
32,0.958921194,0.898631818,65.30172414,66.49305556,0.872829933,1.181863454,68.53448276,49.47916667,0.932724603,0.8716711,67.45689655,71.00694444,0.864252687,1.092948225,70.04310345,53.125,0.880875446,1.356696791,67.45689655,41.14583333,0.954844547,1.227959832,66.59482759,45.65972222,0.88658361,1.023988479,66.59482759,60.59027778,0.940634341,0.90022758,64.43965517,67.1875,0.966002051,0.955727783,62.71551724,59.54861111
33,0.947418663,0.892521885,66.1637931,66.66666667,0.868471398,1.17983977,68.96551724,49.30555556,0.924822345,0.871249245,69.39655172,68.92361111,0.864470772,1.085820357,69.82758621,54.86111111,0.88384128,1.361351053,67.67241379,43.75,0.945776865,1.237266911,69.18103448,45.13888889,0.885197169,1.015728692,68.96551724,60.76388889,0.933707069,0.89088928,64.22413793,67.1875,0.964202435,0.954084602,62.5,60.24305556
34,0.947958013,0.893738098,67.24137931,67.01388889,0.867677697,1.179349966,68.96551724,48.95833333,0.926143807,0.873072697,67.24137931,68.22916667,0.860210258,1.087307857,71.12068966,53.99305556,0.887504767,1.384097854,66.59482759,41.31944444,0.952882086,1.231901142,67.02586207,46.18055556,0.879639153,1.013253152,68.31896552,61.28472222,0.933345941,0.891337693,65.0862069,67.70833333,0.965211636,0.968464673,61.20689655,58.85416667
35,0.940535979,0.893541555,66.37931034,67.36111111,0.868790826,1.177105268,69.61206897,49.47916667,0.925683934,0.860960358,67.45689655,71.70138889,0.863796152,1.096006579,69.18103448,53.29861111,0.881953213,1.408606013,66.37931034,39.93055556,0.943468713,1.229627722,66.59482759,45.65972222,0.878777379,1.019077043,68.10344828,60.41666667,0.931292287,0.888832622,65.51724138,67.1875,0.963581809,0.95342046,62.71551724,59.72222222
36,0.943480259,0.893883149,67.67241379,66.31944444,0.864560222,1.175193747,69.82758621,50.52083333,0.922432869,0.864796287,69.18103448,70.48611111,0.863295995,1.085496287,69.61206897,53.81944444,0.873842975,1.38216877,67.24137931,41.66666667,0.943419773,1.234374305,67.45689655,44.44444444,0.87925793,1.016934415,68.75,60.9375,0.934843349,0.888917532,65.73275862,68.22916667,0.96335438,0.956242621,63.57758621,58.68055556
37,0.940630979,0.886511942,67.24137931,67.1875,0.863382866,1.174200031,69.39655172,48.78472222,0.922079288,0.872171647,68.96551724,68.92361111,0.862871246,1.08983626,70.25862069,54.16666667,0.878637676,1.382417758,66.81034483,42.53472222,0.93858737,1.229448107,69.18103448,46.00694444,0.877761779,1.01398672,68.31896552,60.59027778,0.931418328,0.883819004,64.65517241,68.05555556,0.961584484,0.952219725,61.20689655,60.06944444
38,0.943055307,0.892146607,67.45689655,66.66666667,0.862372201,1.175394403,69.61206897,49.65277778,0.917255461,0.866914888,68.10344828,69.27083333,0.861346372,1.08581135,70.25862069,55.03472222,0.872619411,1.399331729,67.24137931,40.79861111,0.936539181,1.234581126,68.75,45.48611111,0.873990135,1.011670477,68.96551724,60.76388889,0.92903494,0.877736827,65.51724138,68.05555556,0.962083056,0.94867195,61.20689655,59.02777778
39,0.939935436,0.889065789,67.24137931,67.70833333,0.863500336,1.171117544,68.96551724,50.52083333,0.914539976,0.859614783,69.18103448,69.27083333,0.860082805,1.081367923,70.90517241,54.34027778,0.873255197,1.392443842,66.59482759,40.45138889,0.93769314,1.231139441,67.45689655,44.79166667,0.87428601,1.008702272,69.82758621,61.28472222,0.928176526,0.88093347,66.59482759,67.70833333,0.958123937,0.949831492,62.28448276,57.8125
40,0.936800817,0.885352598,68.10344828,67.1875,0.861662552,1.174744288,69.61206897,50,0.914808327,0.863236162,67.67241379,70.3125,0.859024615,1.082240601,70.25862069,54.6875,0.875377433,1.372351209,68.10344828,42.36111111,0.935145553,1.236512019,68.10344828,44.96527778,0.874713557,1.006986817,69.39655172,61.80555556,0.9284733,0.881790598,66.81034483,68.22916667,0.959130526,0.956480099,62.93103448,58.68055556
41,0.936776441,0.888026734,67.02586207,67.88194444,0.861299552,1.173471,69.61206897,50.34722222,0.913482035,0.861181769,69.18103448,69.44444444,0.859905095,1.072813643,70.47413793,55.38194444,0.873346715,1.396078322,67.45689655,40.79861111,0.938160321,1.220972392,68.10344828,45.83333333,0.873142074,1.006725126,69.18103448,60.41666667,0.92741221,0.882361081,65.73275862,68.05555556,0.959751645,0.953673343,62.5,58.50694444
42,0.935465513,0.886117346,66.81034483,67.36111111,0.862212697,1.174843311,69.18103448,51.04166667,0.913559881,0.863837851,68.96551724,69.61805556,0.859030985,1.076748762,69.82758621,54.86111111,0.875242246,1.393652691,66.37931034,41.14583333,0.934661935,1.233678235,68.53448276,44.44444444,0.87227867,1.007358366,69.39655172,60.9375,0.927281207,0.878326085,66.1637931,68.40277778,0.959572815,0.947774622,61.42241379,59.02777778
43,0.936769714,0.885709643,67.02586207,67.36111111,0.858865748,1.1724831,69.82758621,51.04166667,0.912580229,0.864008599,69.61206897,68.57638889,0.858842141,1.076202763,71.12068966,55.38194444,0.8700034,1.3856629,66.59482759,41.31944444,0.935915452,1.227579236,68.31896552,45.3125,0.871464507,1.005951219,69.18103448,60.9375,0.92637118,0.877024273,66.1637931,68.92361111,0.955052197,0.948097487,62.06896552,59.20138889
44,0.937237082,0.885252323,67.24137931,67.88194444,0.861154293,1.174257994,69.61206897,50.17361111,0.914729636,0.860673838,68.31896552,69.96527778,0.859125505,1.078343067,70.25862069,55.20833333,0.87407881,1.38355422,66.81034483,42.01388889,0.934131211,1.231422755,68.53448276,45.13888889,0.871265194,1.007141054,69.39655172,61.11111111,0.925172839,0.875978139,66.1637931,68.92361111,0.954775623,0.945599529,61.85344828,58.85416667
45,0.936682933,0.884386659,66.59482759,67.70833333,0.859253772,1.173485465,69.61206897,50.34722222,0.912420291,0.859603226,68.53448276,69.61805556,0.857855336,1.077810334,69.82758621,55.20833333,0.870110557,1.381519741,66.59482759,41.66666667,0.935533415,1.227400051,67.88793103,44.96527778,0.874627997,1.00944372,69.82758621,61.28472222,0.923912055,0.874452015,66.37931034,68.75,0.956799104,0.948813525,62.06896552,59.02777778
46,0.937715978,0.8861212,67.24137931,67.53472222,0.859713887,1.174849974,69.39655172,50.86805556,0.91282402,0.859028068,68.53448276,70.3125,0.860027767,1.078459269,69.61206897,55.03472222,0.872493037,1.385254516,66.59482759,41.14583333,0.931828127,1.234830333,67.67241379,44.79166667,0.869364237,1.006868515,69.61206897,60.9375,0.925127471,0.878079355,66.37931034,68.57638889,0.955607363,0.945428007,62.06896552,58.68055556
47,0.936738405,0.885939989,66.81034483,67.53472222,0.857703217,1.174609714,69.39655172,50.52083333,0.911678863,0.856628802,68.53448276,69.96527778,0.857406152,1.076237924,70.04310345,55.38194444,0.874552474,1.389384296,66.59482759,41.14583333,0.932806132,1.233653996,68.10344828,44.44444444,0.866410525,1.004594081,69.39655172,60.59027778,0.924491854,0.876452863,65.94827586,68.57638889,0.956503321,0.946189304,62.28448276,58.85416667
48,0.936692838,0.885835469,67.02586207,67.70833333,0.859936494,1.173791899,69.61206897,50.52083333,0.912118418,0.86118759,68.96551724,69.27083333,0.859553888,1.077897423,70.25862069,55.38194444,0.870577911,1.387016349,67.02586207,41.14583333,0.933815118,1.230114208,67.67241379,44.96527778,0.872976235,1.008310126,69.61206897,61.45833333,0.923907401,0.876265936,65.94827586,68.75,0.956933655,0.94831715,61.63793103,58.68055556
49,0.935879224,0.884410765,66.81034483,67.70833333,0.858491283,1.174184985,69.39655172,50.52083333,0.911817187,0.859223624,68.75,69.96527778,0.857797343,1.075715396,70.25862069,55.38194444,0.874398281,1.389552434,66.81034483,40.97222222,0.930609518,1.237317218,68.53448276,44.27083333,0.867708856,1.005610665,69.61206897,61.11111111,0.924814604,0.877227982,65.73275862,68.57638889,0.955434456,0.947042432,61.85344828,58.85416667
50,0.957573504,0.884363982,64.87068966,66.66666667,0.885273031,1.194208423,67.02586207,47.56944444,0.928632042,0.854070948,66.1637931,70.48611111,0.875401953,1.134768221,68.10344828,50.52083333,0.885261293,1.347370611,64.87068966,42.36111111,0.935916568,1.210125897,66.1637931,47.04861111,0.886081837,1.009407123,70.90517241,59.20138889,0.9327895,0.871171839,64.43965517,68.75,0.972808285,0.990606334,63.79310345,55.90277778
51,0.946613595,0.868370149,64.00862069,68.22916667,0.856388078,1.172457907,67.88793103,51.38888889,0.924371806,0.870306962,66.1637931,70.3125,0.870134475,1.077460031,69.82758621,53.47222222,0.886833271,1.404798746,65.51724138,42.01388889,0.923561271,1.245872431,67.02586207,46.00694444,0.869798105,1.024717424,69.61206897,59.72222222,0.929984853,0.886575984,65.30172414,67.70833333,0.952736016,0.950843288,62.28448276,59.54861111
52,0.96122769,0.900280409,62.5,65.79861111,0.8628381,1.170802408,67.24137931,52.25694444,0.931553933,0.839765999,68.75,73.95833333,0.859366976,1.087033583,70.04310345,53.99305556,0.895850085,1.356772449,65.51724138,41.84027778,0.930700775,1.228527599,67.02586207,46.35416667,0.869855198,1.000263174,68.31896552,61.80555556,0.926461351,0.877501521,65.0862069,66.84027778,0.961213032,0.943031503,60.12931034,60.41666667
53,0.94762054,0.887471894,63.79310345,66.84027778,0.846278273,1.17915282,69.61206897,49.65277778,0.926302248,0.892204106,66.81034483,65.45138889,0.876445162,1.114600016,66.81034483,51.5625,0.887319672,1.35241033,66.59482759,43.92361111,0.923589415,1.235433976,65.0862069,45.83333333,0.870332819,1.008426368,68.53448276,60.24305556,0.928397799,0.921577023,64.87068966,65.79861111,0.954615591,0.938275132,61.85344828,58.68055556
54,0.961505742,0.905266629,64.43965517,65.79861111,0.855130212,1.18519889,68.96551724,49.65277778,0.914415986,0.896405525,69.18103448,67.53472222,0.86841196,1.098522584,67.02586207,50.69444444,0.884009754,1.353172898,66.37931034,43.57638889,0.921350115,1.227743049,67.45689655,45.83333333,0.869581029,1.007192221,68.96551724,60.9375,0.914879836,0.893133369,65.94827586,65.79861111,0.93512042,0.946198861,62.93103448,58.33333333
55,0.938382519,0.861785716,66.1637931,67.1875,0.857189283,1.170931207,68.96551724,50.69444444,0.922638864,0.863882793,67.02586207,68.75,0.885407246,1.100566434,64.65517241,54.16666667,0.892954876,1.407492187,64.87068966,46.52777778,0.932957382,1.254982869,67.02586207,44.44444444,0.867760418,1.001400146,67.45689655,60.9375,0.911457006,0.884787301,66.1637931,65.27777778,0.941094257,0.945308354,64.00862069,57.8125
56,0.919664928,0.859644685,66.59482759,67.01388889,0.866861126,1.158844007,66.59482759,49.82638889,0.93044223,0.889586647,65.73275862,67.01388889,0.878425752,1.176268087,64.87068966,46.00694444,0.864563297,1.339428915,67.02586207,42.70833333,0.917564261,1.241751214,68.10344828,45.83333333,0.870645431,1.002796107,68.75,60.59027778,0.91982617,0.913315276,65.0862069,64.40972222,0.931332572,0.944039067,64.22413793,58.85416667
57,0.923799587,0.857276062,68.53448276,68.75,0.850299691,1.175766243,69.18103448,50,0.902588766,0.837164541,68.53448276,71.875,0.840852509,1.080241693,70.90517241,53.81944444,0.881540707,1.323766655,66.59482759,45.13888889,0.895522385,1.287031611,68.75,43.92361111,0.860449335,0.998756581,68.31896552,61.63194444,0.898218101,0.901953465,67.67241379,64.58333333,0.945063544,0.958568242,61.20689655,56.59722222
58,0.924241078,0.851344208,68.31896552,68.40277778,0.841618431,1.167311814,66.1637931,50.34722222,0.90261401,0.836223185,69.39655172,71.18055556,0.857109041,1.083486014,68.75,53.81944444,0.877818767,1.331939896,64.43965517,45.83333333,0.891001777,1.228288816,70.04310345,46.875,0.881405399,1.008289324,67.67241379,59.02777778,0.908496624,0.898736695,66.59482759,63.02083333,0.931814617,0.936721093,64.00862069,58.15972222
59,0.924989238,0.873897003,66.1637931,68.22916667,0.841456623,1.178437233,69.82758621,49.82638889,0.925846747,0.901161432,65.94827586,63.36805556,0.844463677,1.049091299,70.90517241,56.94444444,0.865982956,1.402937545,64.43965517,45.13888889,0.888335674,1.211269458,68.10344828,47.91666667,0.853723775,1.014566759,69.39655172,56.59722222,0.907568268,0.894550913,66.81034483,65.625,0.922565651,0.939007991,65.30172414,58.33333333
60,0.903927357,0.867807971,69.82758621,68.92361111,0.850821047,1.17297664,68.10344828,49.65277778,0.920008929,0.878954583,68.53448276,68.75,0.861935091,1.0924716,67.24137931,52.43055556,0.864083746,1.296996845,68.96551724,43.92361111,0.879762436,1.218536165,68.96551724,48.09027778,0.854564728,0.997117261,70.25862069,59.54861111,0.88328952,0.881427222,68.75,64.0625,0.926188064,0.920407633,64.87068966,60.41666667
61,0.906234108,0.847367916,68.10344828,67.88194444,0.858329619,1.17777835,68.31896552,49.82638889,0.901471767,0.85000566,69.39655172,70.3125,0.85340216,1.090694507,68.96551724,53.125,0.859525002,1.398409327,66.81034483,43.05555556,0.875669177,1.228864087,70.04310345,47.74305556,0.847214674,0.983706594,70.47413793,62.67361111,0.914550035,0.900473098,65.73275862,63.19444444,0.922063303,0.950211101,64.43965517,57.63888889
62,0.91245819,0.857779099,67.45689655,66.84027778,0.842773635,1.165556033,68.75,49.47916667,0.906056478,0.857095182,67.67241379,71.00694444,0.840080411,1.051048292,69.39655172,56.07638889,0.8625102,1.356736766,65.51724138,43.05555556,0.876695984,1.228229351,68.53448276,46.52777778,0.845460411,1.000000914,71.55172414,60.06944444,0.887980632,0.87862626,68.10344828,64.75694444,0.904023884,0.91757167,66.1637931,60.06944444
63,0.906206723,0.837804861,67.02586207,67.1875,0.843384613,1.177880579,69.18103448,48.95833333,0.896673616,0.831489444,67.02586207,71.52777778,0.852528231,1.0774496,68.31896552,53.81944444,0.864253048,1.354125486,65.73275862,43.75,0.869518903,1.249434451,71.12068966,45.83333333,0.826101605,0.984313203,71.3362069,61.11111111,0.879692096,0.874037001,69.82758621,66.14583333,0.902935819,0.920330723,65.0862069,60.41666667
64,0.900959792,0.853171514,66.59482759,67.01388889,0.846695016,1.163738608,70.90517241,51.90972222,0.901181274,0.841208763,67.67241379,70.48611111,0.856588606,1.097831945,68.10344828,51.5625,0.862286668,1.34326507,67.24137931,44.09722222,0.878141136,1.248737931,69.82758621,44.09722222,0.833188306,0.988893674,69.82758621,60.06944444,0.880879073,0.863128834,69.61206897,64.93055556,0.914403112,0.926220788,65.30172414,60.41666667
65,0.916720053,0.851672033,67.45689655,67.01388889,0.83933435,1.163746542,68.96551724,50.17361111,0.90363408,0.846281475,67.02586207,69.44444444,0.829018765,1.059266673,71.3362069,54.86111111,0.873239836,1.384138412,65.30172414,42.88194444,0.878086544,1.184647024,68.75,48.26388889,0.831437162,0.970873945,70.90517241,60.06944444,0.893570462,0.869024429,68.10344828,66.49305556,0.903808224,0.936750041,65.73275862,59.20138889
66,0.908756548,0.862498601,67.88793103,65.79861111,0.841094574,1.158899307,68.96551724,52.08333333,0.892936382,0.840742654,69.39655172,70.3125,0.835927001,1.091439883,69.82758621,52.60416667,0.85289193,1.325904753,67.02586207,42.01388889,0.864222148,1.238099204,68.10344828,47.56944444,0.834817582,0.986339053,71.3362069,60.24305556,0.887202647,0.875234114,66.81034483,64.40972222,0.911063482,0.934243653,63.14655172,57.8125
67,0.919677741,0.85064631,68.10344828,66.66666667,0.823400608,1.157877207,70.47413793,50.69444444,0.884448432,0.828430076,69.39655172,69.27083333,0.828599482,1.048972163,70.68965517,55.90277778,0.842905149,1.365975009,68.96551724,46.00694444,0.862974,1.251077387,67.45689655,46.35416667,0.822299358,0.969738815,71.98275862,60.9375,0.874578943,0.86595171,69.18103448,65.10416667,0.913488442,0.924915228,63.14655172,59.20138889
68,0.896907663,0.858911567,68.96551724,66.84027778,0.829102027,1.150091502,70.90517241,53.29861111,0.886940553,0.833180719,69.61206897,69.44444444,0.835977236,1.10892474,69.39655172,51.5625,0.856825598,1.369740234,66.59482759,45.83333333,0.864462384,1.249167581,68.10344828,47.22222222,0.832324334,0.97431859,71.98275862,64.0625,0.872258939,0.870741169,69.61206897,65.10416667,0.91001608,0.940564189,65.0862069,59.54861111
69,0.902337485,0.858624611,69.18103448,65.97222222,0.827239614,1.16078198,70.47413793,49.82638889,0.890944631,0.815409746,69.82758621,72.04861111,0.831867888,1.057798319,70.25862069,54.6875,0.841301363,1.372540143,67.24137931,41.84027778,0.853481809,1.207496544,69.61206897,48.4375,0.824503527,0.970382187,73.27586207,61.80555556,0.883790438,0.870813813,68.75,64.23611111,0.907134048,0.951328251,66.1637931,58.33333333
70,0.896644695,0.862689356,68.75,68.22916667,0.818159755,1.152909186,72.4137931,50.52083333,0.8808135,0.796439383,70.25862069,72.22222222,0.82559699,1.054574953,68.96551724,56.07638889,0.836301623,1.373672141,68.10344828,43.92361111,0.848358717,1.236724767,69.39655172,46.875,0.823446836,0.97604745,71.76724138,61.63194444,0.88459077,0.886016349,69.39655172,64.58333333,0.907570845,0.946149978,66.1637931,57.63888889
71,0.897146905,0.878931748,66.59482759,65.27777778,0.82547922,1.136975567,70.04310345,52.60416667,0.87328695,0.799457365,68.96551724,71.875,0.812387487,1.036541038,70.47413793,55.90277778,0.836643788,1.397815479,68.53448276,44.79166667,0.843608645,1.254663017,70.68965517,47.22222222,0.81579467,0.971347464,71.55172414,62.84722222,0.865496325,0.886309889,70.25862069,63.71527778,0.907592547,0.929732614,64.22413793,60.59027778
72,0.890318005,0.855929269,66.59482759,65.79861111,0.816781763,1.149938067,69.82758621,50.52083333,0.879100499,0.810003691,69.39655172,71.35416667,0.813864924,1.051373204,70.47413793,55.20833333,0.821998892,1.367716127,69.39655172,43.92361111,0.841839858,1.219811473,68.96551724,47.56944444,0.818362146,0.975653781,71.12068966,62.5,0.869510889,0.87060731,68.96551724,63.88888889,0.893357197,0.941220138,67.24137931,59.72222222
73,0.876707396,0.849677768,69.39655172,67.88194444,0.813158882,1.150684304,72.84482759,51.21527778,0.876018814,0.831504001,70.04310345,68.05555556,0.813361741,1.0861445,70.47413793,51.73611111,0.827608234,1.3845322,69.82758621,43.22916667,0.841016044,1.206431541,70.47413793,50,0.817434821,0.977357354,70.90517241,62.67361111,0.872401696,0.865706331,69.18103448,63.71527778,0.906804461,0.930039333,64.87068966,58.68055556
74,0.879563239,0.843498945,68.10344828,67.53472222,0.816214187,1.151540637,71.98275862,51.73611111,0.884391988,0.832544373,68.96551724,68.22916667,0.811713599,1.052157627,70.68965517,54.6875,0.829808398,1.357126753,68.31896552,43.57638889,0.827876971,1.193737189,71.3362069,50.34722222,0.808719995,0.965599822,72.19827586,62.5,0.872902001,0.870253139,69.61206897,64.75694444,0.886931123,0.944815371,68.31896552,57.8125
75,0.879193127,0.853138149,68.53448276,66.66666667,0.816661452,1.150509914,71.12068966,50.34722222,0.890703343,0.826698422,69.82758621,70.3125,0.812234328,1.038909998,71.3362069,57.46527778,0.82572707,1.353585296,67.67241379,43.92361111,0.837664321,1.204325544,71.3362069,47.91666667,0.801660218,0.981315732,72.19827586,60.9375,0.866686305,0.87170079,70.47413793,64.23611111,0.884331031,0.931959616,67.24137931,57.98611111
76,0.874666103,0.852064312,70.04310345,66.84027778,0.81242023,1.152576725,71.55172414,50.17361111,0.884390239,0.837534646,69.18103448,68.92361111,0.807730245,1.065082166,71.76724138,55.38194444,0.825276786,1.384892146,69.61206897,42.36111111,0.826772982,1.201275223,70.68965517,48.26388889,0.800109104,0.955912001,72.84482759,63.88888889,0.865123268,0.873851763,69.82758621,64.23611111,0.880934419,0.932881905,66.81034483,58.68055556
77,0.875794789,0.857840882,69.18103448,67.1875,0.817870685,1.147702495,70.47413793,51.5625,0.874872162,0.818499095,69.39655172,71.18055556,0.803671136,1.044507172,71.3362069,55.38194444,0.836739526,1.435883562,68.10344828,38.54166667,0.830581949,1.203577916,72.4137931,48.4375,0.803193723,0.967160112,71.3362069,62.32638889,0.860326385,0.884714087,69.18103448,62.67361111,0.879306808,0.948929091,68.53448276,55.90277778
78,0.880907416,0.852053053,69.39655172,68.22916667,0.810014702,1.145180186,71.3362069,52.25694444,0.883770949,0.81603386,68.96551724,69.96527778,0.803101842,1.041378823,71.76724138,56.77083333,0.826719901,1.408036709,68.31896552,41.31944444,0.830105568,1.215809385,72.4137931,48.26388889,0.79409301,0.963956025,71.76724138,62.32638889,0.864644061,0.891093565,69.39655172,61.63194444,0.88385091,0.949562132,67.67241379,57.98611111
79,0.888880462,0.864709987,69.39655172,66.49305556,0.803760923,1.143231988,71.12068966,51.90972222,0.868870139,0.810484151,68.96551724,70.65972222,0.805514163,1.041541192,69.82758621,56.77083333,0.819821578,1.382317609,68.53448276,43.22916667,0.821435297,1.208704842,70.90517241,47.91666667,0.79917614,0.967874103,70.25862069,62.15277778,0.863216057,0.875480374,68.75,63.88888889,0.876035528,0.935072058,67.02586207,56.94444444
80,0.877030475,0.856633464,69.18103448,66.49305556,0.803878295,1.149704443,72.19827586,51.04166667,0.870053302,0.809644679,68.10344828,71.00694444,0.797783591,1.04413663,72.4137931,56.42361111,0.820795252,1.398583531,67.88793103,42.36111111,0.815160895,1.201233308,71.3362069,48.09027778,0.79702629,0.957397792,71.3362069,62.84722222,0.858813461,0.860386014,68.10344828,64.75694444,0.870723698,0.942247662,68.96551724,58.85416667
81,0.870869178,0.853697598,69.61206897,69.09722222,0.80019791,1.139183071,71.55172414,53.125,0.86969701,0.801256014,69.18103448,71.52777778,0.801782232,1.048778945,72.4137931,56.07638889,0.820550146,1.43125036,68.96551724,41.49305556,0.814597734,1.210312989,73.27586207,47.56944444,0.792435108,0.954959479,71.12068966,62.15277778,0.860358374,0.869812694,69.18103448,63.71527778,0.873691849,0.936637011,66.1637931,57.98611111
82,0.866194676,0.858410511,70.47413793,67.70833333,0.799298175,1.152420203,72.4137931,51.5625,0.868864047,0.812446892,68.75,71.00694444,0.800736845,1.081757857,71.3362069,53.125,0.816815985,1.379254672,69.61206897,43.92361111,0.819242231,1.217451632,72.84482759,48.09027778,0.795437375,0.956928227,71.76724138,63.02083333,0.862782468,0.873199119,67.67241379,63.88888889,0.872533658,0.93636575,66.81034483,57.98611111
83,0.867267794,0.857353085,69.39655172,67.53472222,0.795731397,1.144663745,72.19827586,51.73611111,0.866726688,0.809422731,69.82758621,70.65972222,0.79861266,1.065017588,71.3362069,53.99305556,0.810224064,1.38910483,70.25862069,42.53472222,0.817447383,1.217274017,72.4137931,48.09027778,0.798935706,0.956682993,71.76724138,63.36805556,0.863881387,0.87502557,68.75,63.02083333,0.867801866,0.932799359,67.24137931,57.63888889
84,0.863579156,0.857498732,71.55172414,67.36111111,0.798316668,1.148314357,71.76724138,51.5625,0.86428684,0.811555968,69.82758621,69.96527778,0.797370331,1.067371964,71.98275862,53.81944444,0.81454216,1.39863556,68.96551724,43.22916667,0.814649212,1.19324059,73.06034483,49.30555556,0.797624125,0.958439165,71.98275862,62.84722222,0.854948295,0.863605738,69.18103448,64.75694444,0.874754758,0.929997226,66.1637931,56.94444444
85,0.862438862,0.866245296,71.76724138,67.36111111,0.800345552,1.147229102,71.12068966,52.08333333,0.863836954,0.803393013,69.61206897,71.875,0.793630748,1.04858511,71.76724138,54.16666667,0.811805059,1.387648808,69.39655172,43.22916667,0.81364911,1.212656273,71.98275862,48.09027778,0.792507466,0.953093237,71.3362069,62.32638889,0.855528714,0.862874289,69.39655172,64.93055556,0.864043012,0.936648362,67.45689655,57.46527778
86,0.863233634,0.858700309,70.47413793,66.84027778,0.797682088,1.144208286,72.4137931,51.73611111,0.863885643,0.804411107,69.61206897,70.48611111,0.797821955,1.038680348,71.12068966,56.25,0.813083986,1.38031537,68.96551724,44.61805556,0.813754349,1.213709778,72.84482759,48.26388889,0.789826553,0.949588312,71.55172414,64.75694444,0.856906169,0.86385772,68.75,64.93055556,0.866742895,0.932097243,67.45689655,57.46527778
87,0.863988774,0.853911453,71.3362069,67.1875,0.797262212,1.142334501,72.19827586,52.25694444,0.859502706,0.805567364,69.82758621,69.61805556,0.796353519,1.049986184,71.12068966,54.86111111,0.811407659,1.379733907,68.96551724,43.05555556,0.810772244,1.221846667,73.06034483,47.91666667,0.78987044,0.953285721,71.98275862,62.84722222,0.855156872,0.857635445,70.04310345,64.93055556,0.870018723,0.928013927,67.45689655,57.29166667
88,0.861409317,0.848064005,70.68965517,67.1875,0.796057923,1.140417284,71.98275862,51.90972222,0.857976823,0.802988927,69.39655172,70.48611111,0.791939222,1.063609434,71.76724138,54.6875,0.819072111,1.340504474,69.61206897,44.27083333,0.804614069,1.219229519,74.78448276,48.09027778,0.790290393,0.949116144,71.3362069,63.54166667,0.855176062,0.862094164,69.82758621,64.93055556,0.866415092,0.92528977,67.02586207,58.15972222
89,0.863094889,0.847861846,70.90517241,67.01388889,0.794579191,1.142700738,73.06034483,51.38888889,0.858087527,0.805796517,69.18103448,69.96527778,0.793039747,1.055929833,71.76724138,55.55555556,0.814203207,1.365403334,69.82758621,45.3125,0.807460859,1.208172454,73.06034483,48.4375,0.790970143,0.953373121,71.98275862,64.0625,0.853705406,0.858449638,70.25862069,65.10416667,0.86872931,0.926879373,66.81034483,57.8125
90,0.865895189,0.85645777,71.12068966,66.84027778,0.793490708,1.142674552,71.98275862,52.08333333,0.858966992,0.820372224,70.04310345,69.96527778,0.791185948,1.061753419,72.4137931,53.64583333,0.815097947,1.387915373,69.61206897,43.92361111,0.806440458,1.214005318,74.13793103,48.09027778,0.784839976,0.949135145,72.19827586,63.88888889,0.853863652,0.865073893,69.82758621,64.40972222,0.866230508,0.927743064,67.02586207,57.8125
91,0.862249339,0.855674121,70.47413793,66.31944444,0.795035173,1.140129036,72.84482759,51.90972222,0.85604955,0.806148105,69.39655172,69.79166667,0.791860761,1.061786089,71.98275862,54.51388889,0.811481657,1.361717436,69.82758621,44.61805556,0.804569302,1.216434095,74.56896552,47.91666667,0.782131399,0.950686653,71.98275862,63.54166667,0.854042417,0.865122769,69.61206897,64.75694444,0.865963825,0.930374808,66.59482759,58.33333333
92,0.860998957,0.848809209,70.90517241,66.49305556,0.792439268,1.140405125,72.19827586,51.5625,0.857057189,0.808451785,69.18103448,69.79166667,0.790822831,1.049868908,72.4137931,55.38194444,0.815600467,1.395922952,70.04310345,43.22916667,0.806328866,1.206322994,73.27586207,48.26388889,0.78566247,0.952293105,71.76724138,62.84722222,0.850415405,0.857861737,69.61206897,65.10416667,0.865686193,0.932756384,67.45689655,57.46527778
93,0.861795822,0.848763221,71.12068966,67.01388889,0.790174437,1.139957865,72.4137931,52.08333333,0.856831006,0.812262383,69.18103448,69.61805556,0.791073968,1.04206466,72.62931034,56.94444444,0.810272363,1.37993794,69.61206897,43.75,0.807869073,1.208017859,72.4137931,48.4375,0.784979276,0.952105184,71.76724138,63.02083333,0.852996016,0.858565854,68.96551724,65.10416667,0.866806197,0.932081434,67.45689655,58.15972222
94,0.861089143,0.84942917,71.12068966,66.66666667,0.792360022,1.138300061,71.76724138,52.25694444,0.856604868,0.807098733,69.18103448,70.3125,0.789315999,1.042928252,72.19827586,55.72916667,0.81170353,1.373879539,70.47413793,44.27083333,0.807530239,1.21883285,73.06034483,47.74305556,0.785078713,0.950970471,71.55172414,63.54166667,0.850909085,0.860143065,69.82758621,64.58333333,0.863907146,0.931385948,67.02586207,58.33333333
95,0.862816782,0.849065615,71.12068966,66.66666667,0.793081366,1.138481167,71.98275862,52.25694444,0.857116461,0.811342756,69.61206897,69.79166667,0.788755877,1.042512496,72.19827586,56.42361111,0.812068958,1.377271215,69.82758621,43.92361111,0.807949804,1.208436145,73.70689655,48.61111111,0.780930149,0.948590272,71.55172414,63.54166667,0.852424587,0.860424545,70.04310345,65.10416667,0.8654815,0.932149814,67.67241379,58.15972222
96,0.860825958,0.847592857,71.3362069,66.49305556,0.790713989,1.139207933,72.4137931,52.60416667,0.856735604,0.812069701,69.61206897,69.79166667,0.788706013,1.040401101,72.62931034,56.42361111,0.812047553,1.371065974,69.82758621,44.27083333,0.804948566,1.215730415,72.62931034,48.4375,0.782273987,0.950951623,71.55172414,62.84722222,0.851142499,0.859863692,70.25862069,65.10416667,0.862750818,0.929423432,67.45689655,58.50694444
97,0.86053318,0.84804378,70.68965517,66.84027778,0.791997778,1.138824026,71.98275862,52.77777778,0.856261183,0.809588187,69.18103448,69.79166667,0.786998566,1.041057752,72.84482759,56.59722222,0.809736692,1.370459066,69.82758621,44.27083333,0.806275489,1.216575,72.84482759,48.26388889,0.782848053,0.949802385,71.76724138,63.36805556,0.850787968,0.860370954,70.04310345,64.93055556,0.863314805,0.929331475,67.45689655,58.50694444
98,0.86261436,0.851375838,71.3362069,66.49305556,0.792004511,1.138351864,71.98275862,52.43055556,0.855253927,0.810685721,69.18103448,69.61805556,0.787424591,1.043996844,72.19827586,55.72916667,0.80902573,1.369773984,70.25862069,44.09722222,0.806562337,1.212199556,73.06034483,48.26388889,0.783075128,0.950774391,72.4137931,63.02083333,0.85124824,0.860321171,70.25862069,64.93055556,0.864752665,0.929225981,67.45689655,58.33333333
,,,,69.09722222,,,,,,,,,,,,,,,,,,,,,,,,,,,,,,,,
,,,,,,,,,,,,,,,,,,,,,,,,,,,,,,,,,,,,
,,,85,67.36111111,,,89,51.38888889,,,70,72.22222222,,,97,56.59722222,,,94,44.27083333,,,88,48.09027778,,,69,61.80555556,,,75,64.23611111,,,80,58.85416667
