,train_loss,valid_loss,train_accuracy,valid_accuracy,train_misclass,valid_misclass,train_loss,valid_loss,train_accuracy,valid_accuracy,train_misclass,valid_misclass,train_loss,valid_loss,train_accuracy,valid_accuracy,train_misclass,valid_misclass,train_loss,valid_loss,train_accuracy,valid_accuracy,train_misclass,valid_misclass,train_loss,valid_loss,train_accuracy,valid_accuracy,train_misclass,valid_misclass,train_loss,valid_loss,train_accuracy,valid_accuracy,train_misclass,valid_misclass,train_loss,valid_loss,train_accuracy,valid_accuracy,train_misclass,valid_misclass,train_loss,valid_loss,train_accuracy,valid_accuracy,train_misclass,valid_misclass,train_loss,valid_loss,train_accuracy,valid_accuracy,train_misclass,valid_misclass
1,1.375445015,1.081278418,0.663194444,0.527777778,33.68055556,47.22222222,1.598107873,1.679952637,0.274305556,0.246527778,72.56944444,75.34722222,1.322997871,1.085205764,0.645833333,0.586805556,35.41666667,41.31944444,1.602026605,1.475394416,0.416666667,0.277777778,58.33333333,72.22222222,1.604981388,1.492696779,0.315972222,0.260416667,68.40277778,73.95833333,1.546996956,1.4529871,0.430555556,0.350694444,56.94444444,64.93055556,1.5314973,1.254886876,0.659722222,0.506944444,34.02777778,49.30555556,1.345982244,1.119690046,0.694444444,0.621527778,30.55555556,37.84722222,1.424825254,0.979806676,0.666666667,0.65625,33.33333333,34.375
2,1.055291115,1.004557552,0.659722222,0.538194444,34.02777778,46.18055556,1.478143429,1.580890083,0.375,0.253472222,62.5,74.65277778,1.10689905,0.896333515,0.71875,0.6875,28.125,31.25,1.436262066,1.590360076,0.420138889,0.302083333,57.98611111,69.79166667,1.498397523,1.443431721,0.385416667,0.284722222,61.45833333,71.52777778,1.383600813,1.375320193,0.545138889,0.427083333,45.48611111,57.29166667,1.26181575,1.176514259,0.555555556,0.572916667,44.44444444,42.70833333,1.071065379,1.188796288,0.618055556,0.510416667,38.19444444,48.95833333,1.161485955,0.911037279,0.722222222,0.725694444,27.77777778,27.43055556
3,0.975906885,0.969891145,0.743055556,0.638888889,25.69444444,36.11111111,1.351801684,1.389377204,0.614583333,0.381944444,38.54166667,61.80555556,0.915039869,0.790874951,0.791666667,0.743055556,20.83333333,25.69444444,1.316317986,1.480119049,0.565972222,0.336805556,43.40277778,66.31944444,1.43573029,1.417727804,0.461805556,0.302083333,53.81944444,69.79166667,1.288889399,1.354170997,0.649305556,0.430555556,35.06944444,56.94444444,1.072461294,1.853798246,0.736111111,0.284722222,26.38888889,71.52777778,0.904112224,1.001733058,0.795138889,0.677083333,20.48611111,32.29166667,1.001642154,0.904821432,0.711805556,0.701388889,28.81944444,29.86111111
4,0.894881711,0.818394411,0.715277778,0.614583333,28.47222222,38.54166667,1.244194388,1.804235381,0.548611111,0.284722222,45.13888889,71.52777778,0.819376144,0.760614995,0.809027778,0.770833333,19.09722222,22.91666667,1.256811738,1.444367374,0.625,0.388888889,37.5,61.11111111,1.371536437,1.864219098,0.451388889,0.277777778,54.86111111,72.22222222,1.195578403,1.613078318,0.5,0.315972222,50,68.40277778,0.88814587,3.319160117,0.697916667,0.260416667,30.20833333,73.95833333,0.877103446,0.883535171,0.871527778,0.715277778,12.84722222,28.47222222,0.914858501,0.987721106,0.774305556,0.628472222,22.56944444,37.15277778
5,0.841819631,0.86303224,0.826388889,0.642361111,17.36111111,35.76388889,1.170521471,1.678793564,0.590277778,0.333333333,40.97222222,66.66666667,0.731263739,0.858199468,0.850694444,0.684027778,14.93055556,31.59722222,1.165502104,1.286853632,0.715277778,0.493055556,28.47222222,50.69444444,1.327523559,1.50520806,0.673611111,0.333333333,32.63888889,66.66666667,1.155808369,1.371284195,0.65625,0.465277778,34.375,53.47222222,0.754665128,1.447698619,0.930555556,0.402777778,6.944444444,59.72222222,0.775388568,0.905818717,0.868055556,0.701388889,13.19444444,29.86111111,0.850067965,0.897144344,0.788194444,0.732638889,21.18055556,26.73611111
6,0.783485266,0.84932429,0.826388889,0.597222222,17.36111111,40.27777778,1.082183345,1.420619534,0.465277778,0.395833333,53.47222222,60.41666667,0.658961597,0.649579713,0.829861111,0.829861111,17.01388889,17.01388889,1.120001381,2.146508375,0.611111111,0.3125,38.88888889,68.75,1.215008014,1.674609724,0.53125,0.319444444,46.875,68.05555556,1.059986187,1.31512785,0.770833333,0.434027778,22.91666667,56.59722222,0.605791513,1.245921997,0.940972222,0.496527778,5.902777778,50.34722222,0.701265216,0.990981486,0.822916667,0.690972222,17.70833333,30.90277778,0.797411102,1.102748511,0.84375,0.559027778,15.625,44.09722222
7,0.717396275,0.885580013,0.871527778,0.635416667,12.84722222,36.45833333,1.06495303,1.498356022,0.774305556,0.392361111,22.56944444,60.76388889,0.668107189,0.909402635,0.875,0.708333333,12.5,29.16666667,1.069787006,1.305024654,0.739583333,0.472222222,26.04166667,52.77777778,1.227891958,1.79042068,0.375,0.28125,62.5,71.875,0.996803723,1.317099952,0.763888889,0.461805556,23.61111111,53.81944444,0.599875684,0.937022579,0.920138889,0.628472222,7.986111111,37.15277778,0.732316326,0.900883314,0.84375,0.711805556,15.625,28.81944444,0.767579708,0.979723008,0.888888889,0.59375,11.11111111,40.625
8,0.68088455,0.947507842,0.78125,0.618055556,21.875,38.19444444,0.983331866,2.26641894,0.5625,0.302083333,43.75,69.79166667,0.593476193,0.759718783,0.899305556,0.739583333,10.06944444,26.04166667,1.017380597,1.799189759,0.482638889,0.340277778,51.73611111,65.97222222,1.07613162,1.634452121,0.559027778,0.319444444,44.09722222,68.05555556,0.945104836,1.616240939,0.579861111,0.40625,42.01388889,59.375,0.484226941,2.865780794,0.611111111,0.256944444,38.88888889,74.30555556,0.652392667,0.926137688,0.913194444,0.725694444,8.680555556,27.43055556,0.712651151,0.947701286,0.885416667,0.652777778,11.45833333,34.72222222
9,0.649684687,0.891533126,0.784722222,0.611111111,21.52777778,38.88888889,0.936400741,1.984821591,0.552083333,0.315972222,44.79166667,68.40277778,0.586427841,0.756415731,0.871527778,0.788194444,12.84722222,21.18055556,0.936255695,1.802011845,0.760416667,0.395833333,23.95833333,60.41666667,1.026854775,1.446292338,0.78125,0.378472222,21.875,62.15277778,0.900039736,1.352264972,0.854166667,0.482638889,14.58333333,51.73611111,0.436333962,0.85355691,0.944444444,0.684027778,5.555555556,31.59722222,0.645777869,0.839935481,0.927083333,0.746527778,7.291666667,25.34722222,0.697676057,0.936425922,0.833333333,0.663194444,16.66666667,33.68055556
10,0.592297187,0.738751948,0.90625,0.708333333,9.375,29.16666667,0.924652118,1.615341312,0.8125,0.364583333,18.75,63.54166667,0.548177155,0.66123294,0.909722222,0.8125,9.027777778,18.75,0.908577759,1.209340094,0.861111111,0.513888889,13.88888889,48.61111111,0.946935655,1.555746622,0.680555556,0.364583333,31.94444444,63.54166667,0.845067559,1.633859135,0.65625,0.416666667,34.375,58.33333333,0.358377833,1.278867066,0.694444444,0.527777778,30.55555556,47.22222222,0.571309995,0.879149772,0.930555556,0.756944444,6.944444444,24.30555556,0.654123468,1.279325174,0.833333333,0.579861111,16.66666667,42.01388889
11,0.600669235,1.363699318,0.65625,0.541666667,34.375,45.83333333,0.852381927,1.990052976,0.777777778,0.385416667,22.22222222,61.45833333,0.482755213,0.565046136,0.96875,0.864583333,3.125,13.54166667,0.890920971,1.263775145,0.798611111,0.527777778,20.13888889,47.22222222,0.844791743,2.017339941,0.430555556,0.322916667,56.94444444,67.70833333,0.81629833,1.479657878,0.833333333,0.461805556,16.66666667,53.81944444,0.352382092,0.945058872,0.982638889,0.690972222,1.736111111,30.90277778,0.531946666,1.48997243,0.736111111,0.527777778,26.38888889,47.22222222,0.603718925,1.927147204,0.753472222,0.420138889,24.65277778,57.98611111
12,0.543671504,0.655986717,0.940972222,0.756944444,5.902777778,24.30555556,0.858145976,2.064132084,0.854166667,0.333333333,14.58333333,66.66666667,0.527877688,0.819978852,0.84375,0.71875,15.625,28.125,0.864223611,1.505515082,0.805555556,0.447916667,19.44444444,55.20833333,0.865225097,1.55093309,0.71875,0.350694444,28.125,64.93055556,0.753293773,1.559784195,0.708333333,0.46875,29.16666667,53.125,0.329550985,1.620293144,0.902777778,0.479166667,9.722222222,52.08333333,0.558369515,1.078358637,0.850694444,0.649305556,14.93055556,35.06944444,0.57515876,1.264069618,0.930555556,0.590277778,6.944444444,40.97222222
13,0.550111393,0.678594808,0.90625,0.777777778,9.375,22.22222222,0.814814327,1.560149541,0.854166667,0.388888889,14.58333333,61.11111111,0.524126565,0.662438407,0.934027778,0.802083333,6.597222222,19.79166667,0.792138314,1.194866732,0.840277778,0.545138889,15.97222222,45.48611111,0.800369586,1.252151398,0.854166667,0.458333333,14.58333333,54.16666667,0.74819584,1.528641981,0.78125,0.427083333,21.875,57.29166667,0.327764642,0.85971445,0.965277778,0.6875,3.472222222,31.25,0.520733331,0.876707171,0.934027778,0.732638889,6.597222222,26.73611111,0.572165253,0.85406433,0.916666667,0.722222222,8.333333333,27.77777778
14,0.493403892,0.71412461,0.934027778,0.729166667,6.597222222,27.08333333,0.778299146,1.749061327,0.836805556,0.440972222,16.31944444,55.90277778,0.457659453,0.655329083,0.9375,0.822916667,6.25,17.70833333,0.777784088,1.333096498,0.826388889,0.482638889,17.36111111,51.73611111,0.706732699,1.734202368,0.913194444,0.315972222,8.680555556,68.40277778,0.696089211,1.547323956,0.84375,0.4375,15.625,56.25,0.305293031,0.729006208,0.982638889,0.763888889,1.736111111,23.61111111,0.478040497,0.928327296,0.944444444,0.715277778,5.555555556,28.47222222,0.523986796,1.036241298,0.96875,0.638888889,3.125,36.11111111
15,0.404106921,0.852325738,0.899305556,0.701388889,10.06944444,29.86111111,0.760945588,2.217875203,0.8125,0.34375,18.75,65.625,0.444435438,0.478735054,0.982638889,0.895833333,1.736111111,10.41666667,0.71237616,1.660017107,0.854166667,0.423611111,14.58333333,57.63888889,0.771498101,1.875891368,0.802083333,0.298611111,19.79166667,70.13888889,0.66349011,1.482603257,0.861111111,0.513888889,13.88888889,48.61111111,0.277998535,0.932049138,0.989583333,0.680555556,1.041666667,31.94444444,0.499601826,0.880398062,0.9375,0.767361111,6.25,23.26388889,0.478967261,0.86317047,0.951388889,0.729166667,4.861111111,27.08333333
16,0.459924887,0.712241599,0.944444444,0.743055556,5.555555556,25.69444444,0.703770602,4.070658361,0.71875,0.309027778,28.125,69.09722222,0.431916551,0.478939035,0.982638889,0.895833333,1.736111111,10.41666667,0.711979314,1.305155445,0.90625,0.520833333,9.375,47.91666667,0.677706007,2.885693988,0.597222222,0.260416667,40.27777778,73.95833333,0.638992922,1.45682972,0.888888889,0.506944444,11.11111111,49.30555556,0.239343324,0.830056272,0.989583333,0.704861111,1.041666667,29.51388889,0.480775244,0.910445763,0.961805556,0.75,3.819444444,25,0.484773614,1.126407781,0.961805556,0.673611111,3.819444444,32.63888889
17,0.406430798,0.851536119,0.885416667,0.708333333,11.45833333,29.16666667,0.662022296,2.826438748,0.850694444,0.340277778,14.93055556,65.97222222,0.376159261,0.522127487,0.982638889,0.909722222,1.736111111,9.027777778,0.715094068,2.241284389,0.791666667,0.350694444,20.83333333,64.93055556,0.663801997,1.772320324,0.951388889,0.305555556,4.861111111,69.44444444,0.605321269,1.449418138,0.892361111,0.53125,10.76388889,46.875,0.208990364,0.623618313,0.989583333,0.815972222,1.041666667,18.40277778,0.443361188,0.854655434,0.972222222,0.770833333,2.777777778,22.91666667,0.493420352,1.051017948,0.958333333,0.666666667,4.166666667,33.33333333
18,0.413660831,0.836413976,0.864583333,0.659722222,13.54166667,34.02777778,0.653733284,1.716185928,0.753472222,0.451388889,24.65277778,54.86111111,0.42469085,0.565283155,0.982638889,0.864583333,1.736111111,13.54166667,0.626151289,1.839274379,0.836805556,0.388888889,16.31944444,61.11111111,0.63344758,1.612515156,0.631944444,0.378472222,36.80555556,62.15277778,0.593070089,1.369268018,0.909722222,0.572916667,9.027777778,42.70833333,0.257488036,0.962243235,0.90625,0.71875,9.375,28.125,0.48208546,0.997797177,0.954861111,0.704861111,4.513888889,29.51388889,0.474915898,1.07470425,0.954861111,0.631944444,4.513888889,36.80555556
19,0.36689525,0.761997398,0.96875,0.697916667,3.125,30.20833333,0.646717418,2.684340067,0.690972222,0.333333333,30.90277778,66.66666667,0.348070811,0.576006932,0.986111111,0.847222222,1.388888889,15.27777778,0.645920283,1.593826922,0.84375,0.53125,15.625,46.875,0.550401344,2.194837183,0.954861111,0.270833333,4.513888889,72.91666667,0.598900023,1.627627622,0.895833333,0.482638889,10.41666667,51.73611111,0.197907341,0.952126868,1,0.694444444,0,30.55555556,0.399500069,0.865303112,0.947916667,0.743055556,5.208333333,25.69444444,0.448795137,1.1462721,0.951388889,0.649305556,4.861111111,35.06944444
20,0.384064661,0.697520612,0.947916667,0.753472222,5.208333333,24.65277778,0.640995664,1.389042345,0.934027778,0.506944444,6.597222222,49.30555556,0.36837814,0.619558416,0.944444444,0.840277778,5.555555556,15.97222222,0.582573922,1.227341378,0.881944444,0.548611111,11.80555556,45.13888889,0.550515194,2.007519464,0.934027778,0.361111111,6.597222222,63.88888889,0.538764486,1.441878169,0.947916667,0.541666667,5.208333333,45.83333333,0.258898355,0.814986275,1,0.725694444,0,27.43055556,0.396764615,1.204344238,0.875,0.638888889,12.5,36.11111111,0.420079989,1.332048314,0.961805556,0.618055556,3.819444444,38.19444444
21,0.35994541,0.811867563,0.951388889,0.743055556,4.861111111,25.69444444,0.587255805,2.467257446,0.916666667,0.350694444,8.333333333,64.93055556,0.328212328,0.629863217,0.965277778,0.850694444,3.472222222,14.93055556,0.562031067,1.387267454,0.940972222,0.565972222,5.902777778,43.40277778,0.508426209,2.133515847,0.920138889,0.350694444,7.986111111,64.93055556,0.515018504,1.463590694,0.940972222,0.548611111,5.902777778,45.13888889,0.16856878,0.526619928,1,0.868055556,0,13.19444444,0.368752374,0.853030218,0.979166667,0.736111111,2.083333333,26.38888889,0.426673914,0.805069119,0.975694444,0.784722222,2.430555556,21.52777778
22,0.370292968,0.643590403,0.993055556,0.815972222,0.694444444,18.40277778,0.551886366,2.489467849,0.913194444,0.4375,8.680555556,56.25,0.292590566,0.581400148,0.989583333,0.847222222,1.041666667,15.27777778,0.596010651,1.217168663,0.947916667,0.5625,5.208333333,43.75,0.463802798,2.788665483,0.979166667,0.381944444,2.083333333,61.80555556,0.501837806,1.705628772,0.892361111,0.440972222,10.76388889,55.90277778,0.165008365,0.776973745,0.996527778,0.743055556,0.347222222,25.69444444,0.370544365,0.764377599,0.975694444,0.798611111,2.430555556,20.13888889,0.407914542,1.251013273,0.930555556,0.659722222,6.944444444,34.02777778
23,0.374570347,0.892055937,0.940972222,0.711805556,5.902777778,28.81944444,0.565568812,1.349156392,0.875,0.520833333,12.5,47.91666667,0.303323321,0.824003539,0.951388889,0.777777778,4.861111111,22.22222222,0.561189426,1.591349687,0.711805556,0.479166667,28.81944444,52.08333333,0.477417746,4.237763926,0.552083333,0.336805556,44.79166667,66.31944444,0.481405806,1.546174732,0.954861111,0.538194444,4.513888889,46.18055556,0.166466697,1.364152403,1,0.545138889,0,45.48611111,0.352510814,0.903190083,0.951388889,0.722222222,4.861111111,27.77777778,0.401013113,0.986024648,0.965277778,0.697916667,3.472222222,30.20833333
24,0.309886875,0.834198266,0.958333333,0.732638889,4.166666667,26.73611111,0.553014268,2.667130858,0.826388889,0.440972222,17.36111111,55.90277778,0.337454424,0.633040706,0.989583333,0.864583333,1.041666667,13.54166667,0.54100605,1.602243903,0.902777778,0.465277778,9.722222222,53.47222222,0.519035399,2.686084975,0.982638889,0.357638889,1.736111111,64.23611111,0.472447599,1.484093835,0.927083333,0.545138889,7.291666667,45.48611111,0.190067079,1.121680141,1,0.600694444,0,39.93055556,0.363961776,0.881480912,0.972222222,0.756944444,2.777777778,24.30555556,0.393609619,0.998746049,0.986111111,0.708333333,1.388888889,29.16666667
25,0.319168774,0.702860563,0.982638889,0.760416667,1.736111111,23.95833333,0.552917634,3.619350187,0.8125,0.3125,18.75,68.75,0.325181927,0.545499226,0.989583333,0.892361111,1.041666667,10.76388889,0.502745621,1.202394768,0.965277778,0.642361111,3.472222222,35.76388889,0.462168592,2.398313786,0.920138889,0.399305556,7.986111111,60.06944444,0.427150108,1.487741058,0.986111111,0.541666667,1.388888889,45.83333333,0.183234542,0.789555536,1,0.743055556,0,25.69444444,0.389083182,0.938958787,0.961805556,0.732638889,3.819444444,26.73611111,0.377718948,0.970051675,0.986111111,0.697916667,1.388888889,30.20833333
26,0.256977409,0.654291983,0.996527778,0.802083333,0.347222222,19.79166667,0.491967437,1.940829726,0.850694444,0.454861111,14.93055556,54.51388889,0.327387533,0.504362705,0.993055556,0.892361111,0.694444444,10.76388889,0.4973288,1.50203547,0.920138889,0.555555556,7.986111111,44.44444444,0.454973874,2.813511341,0.798611111,0.388888889,20.13888889,61.11111111,0.434619117,1.55638999,0.986111111,0.538194444,1.388888889,46.18055556,0.154390527,1.05662183,0.993055556,0.677083333,0.694444444,32.29166667,0.355873128,0.852234394,0.989583333,0.763888889,1.041666667,23.61111111,0.356541441,1.592496679,0.965277778,0.517361111,3.472222222,48.26388889
27,0.31122884,1.895023139,0.673611111,0.545138889,32.63888889,45.48611111,0.509730017,1.882503934,0.892361111,0.510416667,10.76388889,48.95833333,0.295537948,0.518407718,0.989583333,0.885416667,1.041666667,11.45833333,0.505589242,1.496881432,0.947916667,0.510416667,5.208333333,48.95833333,0.418556038,2.431285607,1,0.385416667,0,61.45833333,0.405751747,1.768341428,0.881944444,0.486111111,11.80555556,51.38888889,0.130209165,0.614147351,1,0.815972222,0,18.40277778,0.301680229,0.820007294,0.989583333,0.791666667,1.041666667,20.83333333,0.328349452,0.903038696,0.982638889,0.732638889,1.736111111,26.73611111
28,0.30324328,0.714022522,0.996527778,0.784722222,0.347222222,21.52777778,0.501614991,2.294309708,0.878472222,0.440972222,12.15277778,55.90277778,0.278239595,0.547413516,0.996527778,0.868055556,0.347222222,13.19444444,0.43952108,1.235775754,0.961805556,0.621527778,3.819444444,37.84722222,0.385300225,3.087587927,0.993055556,0.392361111,0.694444444,60.76388889,0.414353028,1.543580239,0.958333333,0.520833333,4.166666667,47.91666667,0.135097476,0.484059027,0.993055556,0.892361111,0.694444444,10.76388889,0.296388437,1.209246859,0.930555556,0.666666667,6.944444444,33.33333333,0.346729086,0.909513283,1,0.746527778,0,25.34722222
29,0.268588472,0.685022901,0.982638889,0.784722222,1.736111111,21.52777778,0.445387792,2.344143959,0.972222222,0.420138889,2.777777778,57.98611111,0.252663871,0.616762735,0.996527778,0.854166667,0.347222222,14.58333333,0.468597505,1.244262284,0.979166667,0.604166667,2.083333333,39.58333333,0.365350374,3.378297851,0.96875,0.28125,3.125,71.875,0.381817861,1.592876645,0.965277778,0.534722222,3.472222222,46.52777778,0.120134598,0.671497036,1,0.819444444,0,18.05555556,0.268893601,1.270072233,0.90625,0.666666667,9.375,33.33333333,0.345238196,0.916765927,0.989583333,0.739583333,1.041666667,26.04166667
30,0.252304775,0.919190225,0.902777778,0.704861111,9.722222222,29.51388889,0.436167579,2.21925081,0.885416667,0.413194444,11.45833333,58.68055556,0.260513188,0.670973902,0.982638889,0.836805556,1.736111111,16.31944444,0.446222219,1.157039817,0.975694444,0.652777778,2.430555556,34.72222222,0.374136172,3.006522072,0.979166667,0.375,2.083333333,62.5,0.373368653,1.69674084,0.958333333,0.534722222,4.166666667,46.52777778,0.113679889,0.870796118,0.989583333,0.746527778,1.041666667,25.34722222,0.310471021,0.78931358,1,0.809027778,0,19.09722222,0.306167351,1.153255764,1,0.65625,0,34.375
31,0.230763395,0.815050496,0.989583333,0.71875,1.041666667,28.125,0.406703964,2.072025303,0.993055556,0.444444444,0.694444444,55.55555556,0.251470024,0.519400528,0.986111111,0.902777778,1.388888889,9.722222222,0.373675504,1.232259205,0.993055556,0.659722222,0.694444444,34.02777778,0.327175008,3.675196045,0.923611111,0.3125,7.638888889,68.75,0.329386723,1.558751878,0.993055556,0.552083333,0.694444444,44.79166667,0.108936657,1.268209404,0.996527778,0.590277778,0.347222222,40.97222222,0.27377653,0.908311068,0.975694444,0.732638889,2.430555556,26.73611111,0.29891304,0.950722926,0.993055556,0.71875,0.694444444,28.125
32,0.18855293,0.668926918,0.996527778,0.815972222,0.347222222,18.40277778,0.375046299,2.822833667,0.927083333,0.364583333,7.291666667,63.54166667,0.218570493,0.526414602,0.996527778,0.888888889,0.347222222,11.11111111,0.380869942,1.289238606,0.965277778,0.611111111,3.472222222,38.88888889,0.313731516,2.960177684,0.951388889,0.392361111,4.861111111,60.76388889,0.348499806,1.684714161,0.954861111,0.510416667,4.513888889,48.95833333,0.127559078,0.687912075,1,0.798611111,0,20.13888889,0.288792176,0.941098309,0.972222222,0.743055556,2.777777778,25.69444444,0.318076342,1.077432453,0.996527778,0.708333333,0.347222222,29.16666667
33,0.257794495,0.868217016,0.975694444,0.715277778,2.430555556,28.47222222,0.38465738,2.022874238,0.909722222,0.430555556,9.027777778,56.94444444,0.249372356,0.586961274,0.993055556,0.871527778,0.694444444,12.84722222,0.364759822,1.328337079,0.965277778,0.572916667,3.472222222,42.70833333,0.318723147,3.936277954,0.982638889,0.333333333,1.736111111,66.66666667,0.387225495,1.599193566,0.989583333,0.527777778,1.041666667,47.22222222,0.121271671,0.779452616,1,0.795138889,0,20.48611111,0.285290219,0.929876704,0.993055556,0.715277778,0.694444444,28.47222222,0.350126955,0.857680391,0.951388889,0.753472222,4.861111111,24.65277778
34,0.210222551,0.837356557,0.972222222,0.75,2.777777778,25,0.401802431,1.761472459,0.982638889,0.482638889,1.736111111,51.73611111,0.22841168,0.574861537,1,0.881944444,0,11.80555556,0.372760183,1.843621896,0.836805556,0.472222222,16.31944444,52.77777778,0.348378699,3.148685441,1,0.392361111,0,60.76388889,0.341900251,1.783577508,0.902777778,0.503472222,9.722222222,49.65277778,0.108237616,0.646415262,1,0.829861111,0,17.01388889,0.244571874,0.902971929,0.993055556,0.777777778,0.694444444,22.22222222,0.307364179,1.098035745,1,0.659722222,0,34.02777778
35,0.2158797,0.683480191,1,0.805555556,0,19.44444444,0.394901852,2.50099747,0.996527778,0.434027778,0.347222222,56.59722222,0.232529636,0.563090354,0.993055556,0.878472222,0.694444444,12.15277778,0.388144793,1.162653245,0.989583333,0.638888889,1.041666667,36.11111111,0.340604583,4.039353117,0.986111111,0.361111111,1.388888889,63.88888889,0.296178361,1.526348359,0.993055556,0.5625,0.694444444,43.75,0.134440072,0.662693062,1,0.809027778,0,19.09722222,0.249716447,0.822345921,1,0.815972222,0,18.40277778,0.283225321,0.934753298,1,0.739583333,0,26.04166667
36,0.220551647,0.67181735,1,0.809027778,0,19.09722222,0.352721635,1.917516054,0.951388889,0.489583333,4.861111111,51.04166667,0.217593253,0.557674993,0.996527778,0.902777778,0.347222222,9.722222222,0.346312278,1.255415256,1,0.670138889,0,32.98611111,0.330510357,3.40020998,1,0.381944444,0,61.80555556,0.300273643,1.791777743,0.934027778,0.510416667,6.597222222,48.95833333,0.135824577,0.841581764,0.979166667,0.760416667,2.083333333,23.95833333,0.25521029,0.829363388,0.993055556,0.760416667,0.694444444,23.95833333,0.298210614,1.363092063,0.989583333,0.631944444,1.041666667,36.80555556
37,0.190220952,0.953038468,0.9375,0.725694444,6.25,27.43055556,0.353570592,2.002806483,0.996527778,0.520833333,0.347222222,47.91666667,0.196593625,0.580880227,0.996527778,0.868055556,0.347222222,13.19444444,0.361843815,1.269161348,0.996527778,0.614583333,0.347222222,38.54166667,0.27026982,2.892979371,0.989583333,0.364583333,1.041666667,63.54166667,0.309650322,1.560108898,1,0.559027778,0,44.09722222,0.097256249,0.567219153,1,0.854166667,0,14.58333333,0.228552462,1.045859348,0.979166667,0.71875,2.083333333,28.125,0.275453203,1.033125417,1,0.704861111,0,29.51388889
38,0.145147966,0.745365519,1,0.788194444,0,21.18055556,0.359877221,4.167583504,0.701388889,0.3125,29.86111111,68.75,0.209557734,0.52447824,1,0.885416667,0,11.45833333,0.385943447,1.454682003,0.979166667,0.572916667,2.083333333,42.70833333,0.2773669,3.507859908,1,0.388888889,0,61.11111111,0.282281428,1.532705017,0.996527778,0.583333333,0.347222222,41.66666667,0.095402261,1.442252115,1,0.607638889,0,39.23611111,0.235496961,0.801535541,0.996527778,0.78125,0.347222222,21.875,0.255033389,1.01104753,1,0.697916667,0,30.20833333
39,0.175179521,0.667433102,0.993055556,0.815972222,0.694444444,18.40277778,0.352555527,2.59454324,1,0.381944444,0,61.80555556,0.18679601,0.531325972,0.982638889,0.899305556,1.736111111,10.06944444,0.297331735,1.255508933,0.982638889,0.631944444,1.736111111,36.80555556,0.259894409,3.283052465,0.996527778,0.378472222,0.347222222,62.15277778,0.271617947,1.585154853,0.989583333,0.552083333,1.041666667,44.79166667,0.076103355,0.495468018,1,0.885416667,0,11.45833333,0.198936045,0.758165492,1,0.802083333,0,19.79166667,0.230492819,1.152350889,1,0.635416667,0,36.45833333
40,0.1394585,0.653587549,1,0.809027778,0,19.09722222,0.3236375,1.819171915,0.993055556,0.503472222,0.694444444,49.65277778,0.203638524,0.545805272,1,0.888888889,0,11.11111111,0.312621303,1.398202259,0.993055556,0.59375,0.694444444,40.625,0.232746143,3.758904435,1,0.305555556,0,69.44444444,0.304725059,1.59657937,0.993055556,0.555555556,0.694444444,44.44444444,0.078292966,0.682962067,1,0.819444444,0,18.05555556,0.193697754,1.024286996,0.982638889,0.725694444,1.736111111,27.43055556,0.253114951,1.131619486,0.996527778,0.711805556,0.347222222,28.81944444
41,0.183110251,1.186947904,0.9375,0.690972222,6.25,30.90277778,0.315223155,2.978921192,0.961805556,0.392361111,3.819444444,60.76388889,0.205524207,0.567335324,0.996527778,0.868055556,0.347222222,13.19444444,0.325649387,1.513364808,0.996527778,0.555555556,0.347222222,44.44444444,0.253836664,5.351589733,1,0.263888889,0,73.61111111,0.266978053,1.643331812,0.993055556,0.527777778,0.694444444,47.22222222,0.095166956,0.641363178,1,0.826388889,0,17.36111111,0.224374295,0.758751261,1,0.815972222,0,18.40277778,0.271251907,0.966047304,0.989583333,0.736111111,1.041666667,26.38888889
42,0.195129669,0.789444612,0.986111111,0.763888889,1.388888889,23.61111111,0.294307874,4.760913181,0.795138889,0.368055556,20.48611111,63.19444444,0.174159503,0.532575936,1,0.888888889,0,11.11111111,0.26697615,1.173746009,1,0.684027778,0,31.59722222,0.245068172,5.098688419,0.989583333,0.336805556,1.041666667,66.31944444,0.248031786,1.668491795,0.996527778,0.538194444,0.347222222,46.18055556,0.083268417,0.521184699,1,0.871527778,0,12.84722222,0.195075201,0.828882501,1,0.795138889,0,20.48611111,0.241052385,1.620847766,1,0.5625,0,43.75
43,0.168244991,0.864620371,0.982638889,0.739583333,1.736111111,26.04166667,0.314974903,3.076996036,0.888888889,0.395833333,11.11111111,60.41666667,0.187322686,0.580281906,0.996527778,0.871527778,0.347222222,12.84722222,0.281114113,1.230804594,1,0.673611111,0,32.63888889,0.250349054,4.054810283,1,0.305555556,0,69.44444444,0.293845068,1.785497749,0.986111111,0.513888889,1.388888889,48.61111111,0.080142555,0.579393724,1,0.854166667,0,14.58333333,0.206817013,0.778822551,1,0.795138889,0,20.48611111,0.221474496,1.109058731,1,0.663194444,0,33.68055556
44,0.161683159,0.660062455,1,0.8125,0,18.75,0.299043704,2.274918327,1,0.458333333,0,54.16666667,0.199809258,0.61519484,1,0.875,0,12.5,0.307592065,1.44340497,0.993055556,0.604166667,0.694444444,39.58333333,0.211426227,5.305781652,1,0.25,0,75,0.24298929,1.639235122,1,0.555555556,0,44.44444444,0.086284733,0.784454784,1,0.770833333,0,22.91666667,0.168966218,0.731734843,1,0.833333333,0,16.66666667,0.218834943,0.970165655,1,0.763888889,0,23.61111111
45,0.147631152,0.834709817,1,0.767361111,0,23.26388889,0.31443578,2.708922291,1,0.430555556,0,56.94444444,0.203322667,0.51149124,0.993055556,0.895833333,0.694444444,10.41666667,0.270958253,1.561705973,0.993055556,0.552083333,0.694444444,44.79166667,0.227081738,5.962313295,0.986111111,0.256944444,1.388888889,74.30555556,0.226296,1.655867554,1,0.538194444,0,46.18055556,0.080750592,0.538799769,1,0.875,0,12.5,0.189354465,0.990183747,1,0.756944444,0,24.30555556,0.231937399,1.217125778,1,0.652777778,0,34.72222222
46,0.142766659,0.68087421,1,0.809027778,0,19.09722222,0.288586673,3.07295085,0.996527778,0.399305556,0.347222222,60.06944444,0.18755141,0.498561398,1,0.909722222,0,9.027777778,0.275558975,1.273149658,1,0.649305556,0,35.06944444,0.224680636,4.274642198,1,0.28125,0,71.875,0.228351272,1.586299116,1,0.555555556,0,44.44444444,0.085682978,1.147050899,1,0.645833333,0,35.41666667,0.182036389,0.776598269,1,0.8125,0,18.75,0.205639032,1.174657115,1,0.701388889,0,29.86111111
47,0.137231393,0.715141947,1,0.8125,0,18.75,0.265072595,2.315688802,1,0.46875,0,53.125,0.154813464,0.528269169,0.996527778,0.913194444,0.347222222,8.680555556,0.241643576,1.391641666,1,0.607638889,0,39.23611111,0.219881897,5.800102107,1,0.256944444,0,74.30555556,0.206311656,1.646033114,1,0.5625,0,43.75,0.0870329,0.625897201,1,0.833333333,0,16.66666667,0.202057602,0.848400205,0.996527778,0.777777778,0.347222222,22.22222222,0.201023903,1.08289768,1,0.680555556,0,31.94444444
48,0.126089432,0.805789713,0.989583333,0.777777778,1.041666667,22.22222222,0.240262538,4.071850104,0.989583333,0.388888889,1.041666667,61.11111111,0.16432889,0.602305274,1,0.892361111,0,10.76388889,0.282439556,1.243846902,1,0.684027778,0,31.59722222,0.192179492,6.192250569,1,0.260416667,0,73.95833333,0.183741392,1.805728909,1,0.541666667,0,45.83333333,0.061788529,0.883851535,1,0.75,0,25,0.17101103,0.832279964,0.993055556,0.791666667,0.694444444,20.83333333,0.201078374,1.123905857,1,0.708333333,0,29.16666667
49,0.136813809,0.703739284,1,0.809027778,0,19.09722222,0.246347049,2.554828691,1,0.447916667,0,55.20833333,0.134724826,0.488863469,1,0.916666667,0,8.333333333,0.242089643,1.340537709,0.996527778,0.611111111,0.347222222,38.88888889,0.185581903,6.919914471,1,0.25,0,75,0.193131204,1.798735953,1,0.559027778,0,44.09722222,0.058849671,0.715528994,1,0.798611111,0,20.13888889,0.17299974,0.738051371,1,0.829861111,0,17.01388889,0.202550978,1.031065146,1,0.725694444,0,27.43055556
50,0.152044783,0.710359752,1,0.774305556,0,22.56944444,0.274994861,2.694218205,0.927083333,0.461805556,7.291666667,53.81944444,0.158002656,0.548299381,1,0.892361111,0,10.76388889,0.226377908,1.331971855,1,0.645833333,0,35.41666667,0.206976657,4.435114277,0.996527778,0.295138889,0.347222222,70.48611111,0.200682607,1.622334687,1,0.579861111,0,42.01388889,0.07950048,1.00520325,1,0.725694444,0,27.43055556,0.188230683,0.831641657,0.996527778,0.784722222,0.347222222,21.52777778,0.21135613,1.023016372,1,0.732638889,0,26.73611111
51,0.131059253,0.724372679,1,0.784722222,0,21.52777778,0.23226562,2.059877696,1,0.517361111,0,48.26388889,0.151859105,0.494564756,1,0.916666667,0,8.333333333,0.236292887,1.284310974,1,0.6875,0,31.25,0.181738813,5.563886793,1,0.260416667,0,73.95833333,0.209152784,1.767957379,1,0.534722222,0,46.52777778,0.069282124,0.519918847,1,0.871527778,0,12.84722222,0.164930675,0.840105324,1,0.795138889,0,20.48611111,0.18484436,0.99617076,1,0.746527778,0,25.34722222
52,0.139002508,0.767682217,1,0.777777778,0,22.22222222,0.2305842,1.73425244,0.993055556,0.541666667,0.694444444,45.83333333,0.137954668,0.49965537,1,0.909722222,0,9.027777778,0.229366083,1.240503301,1,0.673611111,0,32.63888889,0.17257877,6.841996589,1,0.25,0,75,0.207116257,1.697467074,1,0.572916667,0,42.70833333,0.055300593,0.742947263,1,0.809027778,0,19.09722222,0.156408293,0.875097713,1,0.788194444,0,21.18055556,0.209931124,1.326047344,1,0.645833333,0,35.41666667
53,0.119658792,0.726098321,1,0.798611111,0,20.13888889,0.214281338,2.140268948,0.989583333,0.454861111,1.041666667,54.51388889,0.166782737,0.599068329,1,0.847222222,0,15.27777778,0.228973345,1.426275864,1,0.600694444,0,39.93055556,0.185018015,6.305392891,1,0.256944444,0,74.30555556,0.186446082,1.746735553,1,0.552083333,0,44.79166667,0.059262396,0.465112688,1,0.909722222,0,9.027777778,0.152735853,0.75817173,1,0.809027778,0,19.09722222,0.166202979,0.963479491,1,0.763888889,0,23.61111111
54,0.10802364,0.684089037,1,0.819444444,0,18.05555556,0.227353948,2.228991559,1,0.454861111,0,54.51388889,0.151002562,0.561760734,1,0.888888889,0,11.11111111,0.195113581,1.293898456,1,0.659722222,0,34.02777778,0.162092141,6.906471331,1,0.260416667,0,73.95833333,0.169625918,1.659163828,1,0.590277778,0,40.97222222,0.074881973,1.3642766,1,0.597222222,0,40.27777778,0.174678533,0.797579075,1,0.798611111,0,20.13888889,0.173951407,1.189874332,1,0.666666667,0,33.33333333
55,0.09575699,0.636232197,1,0.861111111,0,13.88888889,0.203632962,2.405777548,0.996527778,0.534722222,0.347222222,46.52777778,0.126362284,0.510450873,1,0.916666667,0,8.333333333,0.190692957,1.388813721,1,0.663194444,0,33.68055556,0.149695778,6.233982555,0.996527778,0.253472222,0.347222222,74.65277778,0.17514815,1.663086795,1,0.586805556,0,41.31944444,0.062295773,0.595925676,1,0.847222222,0,15.27777778,0.144830954,0.98216506,1,0.788194444,0,21.18055556,0.168371308,1.134414406,1,0.701388889,0,29.86111111
56,0.113465849,0.62834967,1,0.857638889,0,14.23611111,0.215092463,2.23442943,1,0.475694444,0,52.43055556,0.140967762,0.590931242,1,0.861111111,0,13.88888889,0.212910513,1.551055027,0.996527778,0.607638889,0.347222222,39.23611111,0.152641366,5.391308098,1,0.256944444,0,74.30555556,0.174396992,1.653487581,1,0.597222222,0,40.27777778,0.056507559,0.501231114,1,0.878472222,0,12.15277778,0.131298914,0.757267199,1,0.822916667,0,17.70833333,0.1764489,1.099329048,1,0.722222222,0,27.77777778
57,0.122671476,0.647003221,1,0.809027778,0,19.09722222,0.219724016,2.032022141,1,0.482638889,0,51.73611111,0.146121567,0.564031875,1,0.875,0,12.5,0.190463075,1.480880498,1,0.618055556,0,38.19444444,0.166255599,6.303137269,1,0.253472222,0,74.65277778,0.175332758,1.742903082,1,0.555555556,0,44.44444444,0.077608642,0.684364454,1,0.809027778,0,19.09722222,0.140953189,0.873811696,1,0.788194444,0,21.18055556,0.170193486,1.019666502,1,0.743055556,0,25.69444444
58,0.106265688,0.686441415,1,0.805555556,0,19.44444444,0.196711928,2.384568466,1,0.4375,0,56.25,0.126340314,0.504176021,1,0.909722222,0,9.027777778,0.16963178,1.275289598,1,0.680555556,0,31.94444444,0.148946765,6.764074946,1,0.253472222,0,74.65277778,0.170515158,1.721311366,1,0.565972222,0,43.40277778,0.046737509,0.647738358,1,0.829861111,0,17.01388889,0.136201049,0.758939116,1,0.826388889,0,17.36111111,0.149985305,0.984278444,1,0.75,0,25
59,0.095817469,0.712708398,1,0.815972222,0,18.40277778,0.192380927,2.127708486,1,0.496527778,0,50.34722222,0.102662508,0.518303176,1,0.892361111,0,10.76388889,0.205628159,1.61801705,1,0.5625,0,43.75,0.144487648,7.448930744,1,0.25,0,75,0.160193226,1.844184244,1,0.534722222,0,46.52777778,0.047444432,0.512963191,1,0.881944444,0,11.80555556,0.123516728,0.812069204,1,0.836805556,0,16.31944444,0.162320724,1.125308158,1,0.715277778,0,28.47222222
60,0.111430308,0.62891775,1,0.833333333,0,16.66666667,0.196679183,2.096245416,1,0.465277778,0,53.47222222,0.119357485,0.551248778,1,0.895833333,0,10.41666667,0.18627443,1.229139808,1,0.673611111,0,32.63888889,0.157504057,7.646401065,1,0.25,0,75,0.148616377,1.787362122,1,0.541666667,0,45.83333333,0.053444304,0.71286106,1,0.798611111,0,20.13888889,0.136009952,0.834385342,1,0.8125,0,18.75,0.157793877,1.132433823,1,0.71875,0,28.125
61,0.101062932,0.671423386,1,0.8125,0,18.75,0.192823925,2.356852637,1,0.427083333,0,57.29166667,0.119896174,0.567004991,1,0.892361111,0,10.76388889,0.204081919,1.259566724,1,0.673611111,0,32.63888889,0.135767264,7.087541352,0.996527778,0.25,0.347222222,75,0.137715752,1.68572292,1,0.576388889,0,42.36111111,0.055797739,0.60285435,1,0.850694444,0,14.93055556,0.116495143,0.801437019,1,0.829861111,0,17.01388889,0.136317488,1.036003089,1,0.732638889,0,26.73611111
62,0.097149724,0.640592864,1,0.840277778,0,15.97222222,0.188777954,2.410760277,1,0.46875,0,53.125,0.129578829,0.519287873,1,0.913194444,0,8.680555556,0.187493001,1.236179822,1,0.684027778,0,31.59722222,0.138800606,7.554031854,1,0.25,0,75,0.123213552,1.792088962,1,0.59375,0,40.625,0.046908925,0.530520573,1,0.875,0,12.5,0.136994137,0.873286771,1,0.795138889,0,20.48611111,0.134516707,1.220482555,1,0.711805556,0,28.81944444
63,0.080637192,0.674001359,1,0.829861111,0,17.01388889,0.188140251,1.811837466,1,0.5625,0,43.75,0.106423379,0.536534815,1,0.90625,0,9.375,0.182982633,1.518649222,1,0.565972222,0,43.40277778,0.136062348,8.380338322,1,0.25,0,75,0.15328383,1.814233169,1,0.569444444,0,43.05555556,0.045389132,0.71009439,1,0.809027778,0,19.09722222,0.105460918,0.806840099,1,0.836805556,0,16.31944444,0.145571048,1.093884266,1,0.711805556,0,28.81944444
64,0.095031332,0.641055812,1,0.854166667,0,14.58333333,0.177109615,2.431059053,1,0.440972222,0,55.90277778,0.104022908,0.5229543,1,0.909722222,0,9.027777778,0.164841508,1.225782711,1,0.694444444,0,30.55555556,0.123599331,9.341895936,1,0.25,0,75,0.137150406,1.767633381,1,0.565972222,0,43.40277778,0.037704118,0.582858346,1,0.833333333,0,16.66666667,0.096265365,0.876786316,1,0.795138889,0,20.48611111,0.132947967,1.187595642,1,0.704861111,0,29.51388889
65,0.117884571,0.691155944,1,0.798611111,0,20.13888889,0.187795611,1.898440137,1,0.555555556,0,44.44444444,0.113580395,0.545988693,1,0.909722222,0,9.027777778,0.183682498,1.442079815,1,0.621527778,0,37.84722222,0.123594284,7.992119798,1,0.25,0,75,0.144411215,1.831199764,1,0.569444444,0,43.05555556,0.045753126,0.594168148,1,0.840277778,0,15.97222222,0.11752701,0.767031673,1,0.829861111,0,17.01388889,0.14079162,1.20552549,1,0.704861111,0,29.51388889
66,0.075062217,0.662038672,1,0.840277778,0,15.97222222,0.188379867,2.408417006,1,0.465277778,0,53.47222222,0.114496668,0.511450025,1,0.902777778,0,9.722222222,0.184417324,1.29885289,1,0.677083333,0,32.29166667,0.128992817,8.174821981,1,0.25,0,75,0.131706783,1.700058403,1,0.59375,0,40.625,0.048261075,0.562537048,1,0.854166667,0,14.58333333,0.117515422,0.765868391,1,0.829861111,0,17.01388889,0.127345136,1.007652775,1,0.756944444,0,24.30555556
67,0.086891689,0.683244622,1,0.815972222,0,18.40277778,0.150136404,1.890568963,1,0.510416667,0,48.95833333,0.084695498,0.522885355,1,0.913194444,0,8.680555556,0.173381482,1.214094834,1,0.694444444,0,30.55555556,0.114768526,7.905288663,1,0.25,0,75,0.143755726,1.829507057,1,0.586805556,0,41.31944444,0.038327634,0.723790846,1,0.798611111,0,20.13888889,0.084851571,0.762795481,1,0.822916667,0,17.70833333,0.150352504,1.070426347,1,0.725694444,0,27.43055556
68,0.098193547,0.649033087,1,0.819444444,0,18.05555556,0.170726706,2.276409511,1,0.447916667,0,55.20833333,0.111589203,0.53943213,1,0.90625,0,9.375,0.151911462,1.26113619,1,0.673611111,0,32.63888889,0.135093574,8.731495821,1,0.25,0,75,0.130764975,1.757969569,1,0.579861111,0,42.01388889,0.047491292,0.726080984,1,0.798611111,0,20.13888889,0.104486243,0.754755325,1,0.840277778,0,15.97222222,0.130052328,1.010532872,1,0.753472222,0,24.65277778
69,0.089847411,0.692617533,1,0.840277778,0,15.97222222,0.15345182,2.292126954,1,0.486111111,0,51.38888889,0.100580303,0.584384771,1,0.899305556,0,10.06944444,0.184441236,1.256071952,1,0.666666667,0,33.33333333,0.125420838,8.521182908,1,0.25,0,75,0.126579134,1.684969715,1,0.604166667,0,39.58333333,0.043608643,0.489011459,1,0.885416667,0,11.45833333,0.10549257,0.758155311,1,0.8125,0,18.75,0.14076149,1.106165331,1,0.736111111,0,26.38888889
70,0.079845441,0.677157683,1,0.847222222,0,15.27777778,0.156819496,2.630717036,1,0.46875,0,53.125,0.092815169,0.528977946,1,0.913194444,0,8.680555556,0.154648907,1.361339996,1,0.652777778,0,34.72222222,0.119362876,8.490189924,1,0.25,0,75,0.124947442,1.748153795,1,0.579861111,0,42.01388889,0.036329671,0.598876385,1,0.826388889,0,17.36111111,0.106964417,0.797068545,1,0.84375,0,15.625,0.11352552,1.067878235,1,0.75,0,25
71,0.078267236,0.679345051,1,0.847222222,0,15.27777778,0.153934017,2.291945022,1,0.493055556,0,50.69444444,0.082259796,0.547175842,1,0.902777778,0,9.722222222,0.157580251,1.232878796,1,0.697916667,0,30.20833333,0.103671436,9.156883102,1,0.25,0,75,0.14171794,1.747676869,1,0.607638889,0,39.23611111,0.027484911,0.664934398,1,0.809027778,0,19.09722222,0.094183251,0.775088781,1,0.819444444,0,18.05555556,0.116306085,1.068784804,1,0.739583333,0,26.04166667
72,0.065668506,0.676573849,1,0.798611111,0,20.13888889,0.151670747,2.812186343,1,0.447916667,0,55.20833333,0.097106919,0.52262614,1,0.909722222,0,9.027777778,0.166779079,1.307864485,1,0.635416667,0,36.45833333,0.113556218,9.470105245,1,0.25,0,75,0.130972209,1.724369338,1,0.59375,0,40.625,0.037992307,0.629467856,1,0.847222222,0,15.27777778,0.100305271,0.758893949,1,0.833333333,0,16.66666667,0.130119238,1.06109478,1,0.746527778,0,25.34722222
73,0.087435529,0.644371234,1,0.833333333,0,16.66666667,0.163338012,1.96760509,1,0.506944444,0,49.30555556,0.100260483,0.57633083,1,0.895833333,0,10.41666667,0.128598268,1.350701151,1,0.673611111,0,32.63888889,0.113266988,9.683914921,1,0.25,0,75,0.12173688,1.786474543,1,0.597222222,0,40.27777778,0.038103782,0.509199001,1,0.888888889,0,11.11111111,0.099465266,0.826113033,1,0.819444444,0,18.05555556,0.117006683,1.136829744,1,0.715277778,0,28.47222222
74,0.081931367,0.649451949,1,0.840277778,0,15.97222222,0.153708453,2.59400385,1,0.440972222,0,55.90277778,0.097218537,0.534081548,1,0.902777778,0,9.722222222,0.142735164,1.329432419,1,0.663194444,0,33.68055556,0.114723425,9.485651425,1,0.25,0,75,0.132183967,1.691801951,1,0.565972222,0,43.40277778,0.038542549,0.615209734,1,0.833333333,0,16.66666667,0.102843796,0.787798848,1,0.840277778,0,15.97222222,0.119622113,1.202674201,1,0.715277778,0,28.47222222
75,0.07090468,0.649231794,1,0.84375,0,15.625,0.148793871,2.718191611,1,0.454861111,0,54.51388889,0.099641952,0.521355468,1,0.913194444,0,8.680555556,0.135949287,1.363322294,1,0.666666667,0,33.33333333,0.117956192,9.494775361,1,0.25,0,75,0.120815319,1.729766081,1,0.59375,0,40.625,0.041869502,0.54767967,1,0.857638889,0,14.23611111,0.106953386,0.818157594,1,0.833333333,0,16.66666667,0.117439983,1.157771372,1,0.722222222,0,27.77777778
76,0.074017932,0.662361438,1,0.836805556,0,16.31944444,0.127892185,2.442285901,1,0.5,0,50,0.082670054,0.531226424,1,0.913194444,0,8.680555556,0.142149713,1.26577263,1,0.704861111,0,29.51388889,0.086560511,10.35671091,1,0.25,0,75,0.118672438,1.753628629,1,0.604166667,0,39.58333333,0.030404084,0.643014593,1,0.826388889,0,17.36111111,0.08044118,0.810653604,1,0.815972222,0,18.40277778,0.111857897,1.114863848,1,0.701388889,0,29.86111111
77,0.070080719,0.628852397,1,0.861111111,0,13.88888889,0.137668339,2.028704746,1,0.493055556,0,50.69444444,0.086636997,0.558408547,1,0.899305556,0,10.06944444,0.132613082,1.237677715,1,0.697916667,0,30.20833333,0.102573263,9.722785544,1,0.25,0,75,0.114589752,1.737912738,1,0.597222222,0,40.27777778,0.040838155,0.651049429,1,0.822916667,0,17.70833333,0.085212686,0.816910342,1,0.819444444,0,18.05555556,0.12039633,1.194618777,1,0.701388889,0,29.86111111
78,0.085975395,0.647949863,1,0.836805556,0,16.31944444,0.166176725,1.9620427,1,0.541666667,0,45.83333333,0.105319126,0.572526742,1,0.888888889,0,11.11111111,0.134650495,1.351882864,1,0.666666667,0,33.33333333,0.121997976,9.797901732,1,0.25,0,75,0.110824261,1.731856166,1,0.597222222,0,40.27777778,0.052535999,0.64087555,1,0.826388889,0,17.36111111,0.112314837,0.78953851,1,0.826388889,0,17.36111111,0.113058769,1.158589402,1,0.708333333,0,29.16666667
79,0.070626545,0.640275112,1,0.840277778,0,15.97222222,0.134503871,1.9074571,1,0.541666667,0,45.83333333,0.088547962,0.559383094,1,0.90625,0,9.375,0.138920016,1.319292634,1,0.666666667,0,33.33333333,0.100203184,9.292640084,1,0.25,0,75,0.104113745,1.732587988,1,0.597222222,0,40.27777778,0.033024496,0.513590965,1,0.854166667,0,14.58333333,0.082268652,0.78606407,1,0.840277778,0,15.97222222,0.108035062,1.268568163,1,0.708333333,0,29.16666667
80,0.067677246,0.66355209,1,0.84375,0,15.625,0.137254028,2.084886139,1,0.482638889,0,51.73611111,0.080714913,0.528189644,1,0.909722222,0,9.027777778,0.150609429,1.237727717,1,0.6875,0,31.25,0.095304961,9.800991453,1,0.25,0,75,0.112962405,1.744179035,1,0.607638889,0,39.23611111,0.038472991,0.536581926,1,0.868055556,0,13.19444444,0.087078562,0.771037553,1,0.829861111,0,17.01388889,0.106222315,1.140196568,1,0.71875,0,28.125
81,0.063603988,0.66075491,1,0.815972222,0,18.40277778,0.129203263,2.1731223,1,0.506944444,0,49.30555556,0.083072617,0.487136739,1,0.923611111,0,7.638888889,0.138521631,1.251970422,1,0.684027778,0,31.59722222,0.096566007,10.71038727,1,0.25,0,75,0.113515874,1.763691242,1,0.611111111,0,38.88888889,0.030241835,0.699326034,1,0.815972222,0,18.40277778,0.075074608,0.790917611,1,0.829861111,0,17.01388889,0.11534796,1.127656694,1,0.729166667,0,27.08333333
82,0.07649229,0.646593308,1,0.840277778,0,15.97222222,0.118562223,2.363747527,1,0.454861111,0,54.51388889,0.0702019,0.541744759,1,0.909722222,0,9.027777778,0.138640606,1.281743587,1,0.680555556,0,31.94444444,0.095146885,10.18865489,1,0.25,0,75,0.098372234,1.750602729,1,0.59375,0,40.625,0.030460469,0.545476191,1,0.857638889,0,14.23611111,0.086927418,0.791409679,1,0.826388889,0,17.36111111,0.108056058,1.043904065,1,0.753472222,0,24.65277778
83,0.068062713,0.657402105,1,0.840277778,0,15.97222222,0.128796391,2.197574827,1,0.493055556,0,50.69444444,0.083076036,0.543128845,1,0.892361111,0,10.76388889,0.128044974,1.298773732,1,0.694444444,0,30.55555556,0.100590934,10.00298863,1,0.25,0,75,0.097906954,1.719359277,1,0.590277778,0,40.97222222,0.028730114,0.532825818,1,0.868055556,0,13.19444444,0.08036867,0.803000506,1,0.815972222,0,18.40277778,0.098424216,1.112951509,1,0.722222222,0,27.77777778
84,0.070637633,0.646463475,1,0.840277778,0,15.97222222,0.134352523,1.94524402,1,0.548611111,0,45.13888889,0.0793112,0.513146047,1,0.913194444,0,8.680555556,0.111874956,1.273235901,1,0.680555556,0,31.94444444,0.091374517,10.48880794,1,0.25,0,75,0.106679032,1.757194174,1,0.614583333,0,38.54166667,0.031817175,0.519491986,1,0.854166667,0,14.58333333,0.082853123,0.77188267,1,0.829861111,0,17.01388889,0.106382232,1.049514639,1,0.743055556,0,25.69444444
85,0.064535939,0.646849292,1,0.84375,0,15.625,0.15654435,2.305869532,1,0.486111111,0,51.38888889,0.092540891,0.52507994,1,0.902777778,0,9.722222222,0.134397463,1.307426122,1,0.666666667,0,33.33333333,0.126415657,9.727076165,1,0.25,0,75,0.102067112,1.74613966,1,0.614583333,0,38.54166667,0.041787256,0.454626207,1,0.892361111,0,10.76388889,0.096377634,0.771329508,1,0.836805556,0,16.31944444,0.105861889,1.098046912,1,0.732638889,0,26.73611111
86,0.056406691,0.664507973,1,0.836805556,0,16.31944444,0.140222116,2.162848019,1,0.489583333,0,51.04166667,0.086546402,0.520083055,1,0.902777778,0,9.722222222,0.118600115,1.281940863,1,0.677083333,0,32.29166667,0.105713142,10.47573232,1,0.25,0,75,0.096586513,1.742049831,1,0.604166667,0,39.58333333,0.038070097,0.520218241,1,0.861111111,0,13.88888889,0.09734049,0.760029096,1,0.836805556,0,16.31944444,0.100704345,1.174665233,1,0.704861111,0,29.51388889
87,0.070685844,0.67092268,1,0.836805556,0,16.31944444,0.140339754,2.06287436,1,0.503472222,0,49.65277778,0.084584643,0.501776446,1,0.920138889,0,7.986111111,0.122584503,1.265522064,1,0.690972222,0,30.90277778,0.090280278,10.64709251,1,0.25,0,75,0.093513152,1.747162498,1,0.604166667,0,39.58333333,0.04271426,0.619512237,1,0.822916667,0,17.70833333,0.074194144,0.76383602,1,0.833333333,0,16.66666667,0.101298369,1.167714167,1,0.708333333,0,29.16666667
88,0.058761244,0.687768818,1,0.805555556,0,19.44444444,0.134141424,1.921977015,1,0.534722222,0,46.52777778,0.089562407,0.578637556,1,0.899305556,0,10.06944444,0.123942559,1.300329159,1,0.677083333,0,32.29166667,0.093056289,10.28185478,1,0.25,0,75,0.102547709,1.75424216,1,0.59375,0,40.625,0.03108692,0.607003121,1,0.833333333,0,16.66666667,0.087269906,0.783659531,1,0.829861111,0,17.01388889,0.099250838,1.177545455,1,0.715277778,0,28.47222222
89,0.059530417,0.671355267,1,0.840277778,0,15.97222222,0.110478221,2.076925813,1,0.5,0,50,0.069594253,0.55381528,1,0.902777778,0,9.722222222,0.118538106,1.293869221,1,0.673611111,0,32.63888889,0.078420693,9.796990779,1,0.25,0,75,0.098081117,1.754675172,1,0.583333333,0,41.66666667,0.024286843,0.552777608,1,0.840277778,0,15.97222222,0.076190905,0.796305206,1,0.836805556,0,16.31944444,0.106335902,1.097336316,1,0.743055556,0,25.69444444
90,0.057585161,0.677265235,1,0.829861111,0,17.01388889,0.123692296,2.192978747,1,0.493055556,0,50.69444444,0.070275514,0.536669122,1,0.90625,0,9.375,0.113797639,1.252583924,1,0.680555556,0,31.94444444,0.097046052,10.25644928,1,0.25,0,75,0.102721373,1.806225294,1,0.600694444,0,39.93055556,0.030243355,0.566495602,1,0.836805556,0,16.31944444,0.096689183,0.787676793,1,0.829861111,0,17.01388889,0.104542318,1.048911377,1,0.756944444,0,24.30555556
91,0.048506428,0.654083657,1,0.840277778,0,15.97222222,0.123176996,2.182801894,1,0.503472222,0,49.65277778,0.072772119,0.539907394,1,0.90625,0,9.375,0.117463588,1.262751275,1,0.680555556,0,31.94444444,0.081197481,10.24078093,1,0.25,0,75,0.102098309,1.777909266,1,0.590277778,0,40.97222222,0.026080927,0.604662697,1,0.836805556,0,16.31944444,0.081444193,0.787741002,1,0.833333333,0,16.66666667,0.10059551,1.190220767,1,0.722222222,0,27.77777778
92,0.052488686,0.666313747,1,0.833333333,0,16.66666667,0.118683082,2.203321127,1,0.482638889,0,51.73611111,0.081456826,0.539277982,1,0.90625,0,9.375,0.114369466,1.252788279,1,0.697916667,0,30.20833333,0.087322731,10.15741252,1,0.25,0,75,0.091939819,1.774693721,1,0.600694444,0,39.93055556,0.024815797,0.546359537,1,0.847222222,0,15.27777778,0.083483055,0.785510954,1,0.836805556,0,16.31944444,0.093588084,1.116932412,1,0.725694444,0,27.43055556
93,0.068195277,0.660323513,1,0.84375,0,15.625,0.139296656,2.060758182,1,0.506944444,0,49.30555556,0.086552319,0.551540146,1,0.902777778,0,9.722222222,0.13401907,1.273479478,1,0.6875,0,31.25,0.112083851,10.64367351,1,0.25,0,75,0.09929227,1.773139991,1,0.590277778,0,40.97222222,0.032025004,0.631160852,1,0.836805556,0,16.31944444,0.09125123,0.788394815,1,0.829861111,0,17.01388889,0.094535273,1.065606819,1,0.746527778,0,25.34722222
94,0.06070913,0.662811761,1,0.840277778,0,15.97222222,0.117830319,2.149921812,1,0.496527778,0,50.34722222,0.072270616,0.530771084,1,0.902777778,0,9.722222222,0.120165179,1.289175989,1,0.677083333,0,32.29166667,0.091587433,10.42123767,1,0.25,0,75,0.093444828,1.763006645,1,0.597222222,0,40.27777778,0.02824827,0.559074158,1,0.850694444,0,14.93055556,0.070866591,0.777756552,1,0.836805556,0,16.31944444,0.093363799,1.065453349,1,0.736111111,0,26.38888889
95,0.060838658,0.671225083,1,0.840277778,0,15.97222222,0.136695993,2.113981175,1,0.5,0,50,0.080924378,0.551778447,1,0.902777778,0,9.722222222,0.119312089,1.325717924,1,0.659722222,0,34.02777778,0.091689912,10.46739862,1,0.25,0,75,0.109478797,1.778949264,1,0.59375,0,40.625,0.031221892,0.68353994,1,0.8125,0,18.75,0.083413057,0.789142639,1,0.826388889,0,17.36111111,0.114009672,1.155988958,1,0.715277778,0,28.47222222
96,0.052010915,0.663467513,1,0.84375,0,15.625,0.12058878,2.124693057,1,0.5,0,50,0.070738614,0.534938143,1,0.892361111,0,10.76388889,0.117294892,1.340652689,1,0.670138889,0,32.98611111,0.078150525,10.30369762,1,0.25,0,75,0.096028588,1.751413661,1,0.604166667,0,39.58333333,0.025745912,0.527338601,1,0.857638889,0,14.23611111,0.080318091,0.789884426,1,0.836805556,0,16.31944444,0.098731824,1.128641883,1,0.725694444,0,27.43055556
97,0.062650673,0.672844235,1,0.840277778,0,15.97222222,0.147734506,2.141001464,1,0.503472222,0,49.65277778,0.077493374,0.522043506,1,0.892361111,0,10.76388889,0.116893624,1.26678292,1,0.680555556,0,31.94444444,0.092428808,10.03628265,1,0.25,0,75,0.096192768,1.761116378,1,0.590277778,0,40.97222222,0.035860941,0.545070764,1,0.875,0,12.5,0.085012364,0.785209355,1,0.847222222,0,15.27777778,0.096308913,1.119292526,1,0.725694444,0,27.43055556
98,0.074215975,0.673626832,1,0.840277778,0,15.97222222,0.135035395,2.069064827,1,0.510416667,0,48.95833333,0.07538558,0.558682924,1,0.888888889,0,11.11111111,0.110911467,1.268510129,1,0.680555556,0,31.94444444,0.086194855,10.00676381,1,0.25,0,75,0.099662337,1.745191868,1,0.597222222,0,40.27777778,0.031536321,0.55653046,1,0.840277778,0,15.97222222,0.08492952,0.780424892,1,0.836805556,0,16.31944444,0.111384005,1.263561321,1,0.701388889,0,29.86111111
99,0.081953104,0.659119332,1,0.840277778,0,15.97222222,0.118797773,2.061526942,1,0.517361111,0,48.26388889,0.071476539,0.532545089,1,0.90625,0,9.375,0.134593286,1.319074899,1,0.680555556,0,31.94444444,0.082002306,10.19775265,1,0.25,0,75,0.08884123,1.801403171,1,0.600694444,0,39.93055556,0.031582758,0.552343621,1,0.850694444,0,14.93055556,0.083694231,0.78761233,1,0.84375,0,15.625,0.091447232,1.0190657,1,0.753472222,0,24.65277778
100,0.059182213,0.668281831,1,0.847222222,0,15.27777778,0.12741896,2.094511378,1,0.496527778,0,50.34722222,0.078951931,0.521571025,1,0.916666667,0,8.333333333,0.123075349,1.245999418,1,0.6875,0,31.25,0.089250366,10.30130749,1,0.25,0,75,0.109577474,1.791285263,1,0.590277778,0,40.97222222,0.034280838,0.619543051,1,0.826388889,0,17.36111111,0.084152308,0.776668882,1,0.836805556,0,16.31944444,0.102101673,1.122144988,1,0.722222222,0,27.77777778
,,,,0.861111111,,,,,,0.5625,,,,,,0.923611111,,,,,,0.704861111,,,,,,0.458333333,,,,,,0.614583333,,,,,,0.909722222,,,,,,0.847222222,,,,,,0.784722222,,
